<?xml version="1.0" encoding="UTF-8"?>
<APPS>
<default_app_n1 value="null"/>
<default_app_n2 value="null"/>
<default_app_n3 value="null"/>
<default_app_n4 value="null"/>
<default_app_n5 value="null"/>
<app_groups_sorting value="2"/>

<com.knuddels.android-com.knuddels.android.Startup show="true"/>
<kik.android-kik.android.chat.activity.IntroActivity show="true"/>
<com.manacore.mod-com.hive.UnityPlayerActivity show="true"/>
<com.lilithgame.hgame.gp-sh.lilithgame.hgame.AppActivity show="false"/>
</APPS>
