<?xml version="1.0" encoding="UTF-8"?>
<UI>
<show_enter_button value="true"/>
<system_font value="false"/>
<ram_size value="14"/>
<battery_size value="12"/>
<device_size value="12"/>
<time_size value="14"/>
<storage_size value="22"/>
<network_size value="12"/>
<notes_size value="12"/>
<input_output_size value="13"/>
<input_bottom value="true"/>
<show_ram value="true"/>
<show_device_name value="true"/>
<show_battery value="true"/>
<show_network_info value="true"/>
<show_storage_info value="false"/>
<show_notes value="false"/>
<enable_battery_status value="true"/>
<show_time value="true"/>
<system_wallpaper value="true"/>
<fullscreen value="true"/>
<device_index value="0"/>
<ram_index value=""/>
<battery_index value="2"/>
<time_index value="0"/>
<storage_index value="5"/>
<network_index value="3"/>
<notes_index value="7"/>
<status_lines_alignment value="1,1,1,1,1,-1,1,-1,-1"/>
<input_prefix value="$:"/>
<input_root_prefix value="#"/>
<display_margin_mm value="1,0,1,6,"/>
<ignore_bar_color value="false"/>
<show_app_installed value="true"/>
<show_app_uninstalled value="false"/>
<show_session_info value="true"/>
<notes_header value=""/>
<notes_footer value=""/>
<notes_divider value="%n%n"/>
<show_restart_message value="false"/>
<notes_max_lines value="10"/>
<show_scroll_notes_message value="true"/>
<show_weather value="true"/>
<weather_index value="4"/>
<weather_size value="12"/>
<show_unlock_counter value="false"/>
<unlock_index value=""/>
<unlock_size value=""/>
<statusbar_light_icons value="false"/>
<bgrect_params value="0"/>
<shadow_params value="-1,0,0.1"/>
<text_redraw_times value="1"/>
status_lines_margins value="0,0,0,3"/>
output_field_margins value="20,0,10,0"/>
<status_lines_margins value="0,0,0,0" />
<output_field_margins value="21,1,1,21"/>
<input_field_margins value="0,0,0,0"/>
<input_area_margins value="3,0,0,0"/>
<toolbar_margins value="1,1,0,0"/>
<suggestions_area_margin value="9,8,0,0"/>
<username value="Asklepios"/>
<device_name value="localhost"/>
</UI>
