<?xml version="1.0" encoding="UTF-8"?>
<NOTIFICATIONS>
<show_notifications value="false"/>
<app_notification_enabled_default value="true"/>
<default_notification_color value="#00FF00"/>
<notification_format value="[%t] %pkg: %[100][teal]title --- %text"/>
<click_notification value="true"/>
<long_click_notification value="true"/>
<notification_popup_exclude_app value="true"/>
<notification_popup_exclude_notification value="true"/>
<notification_popup_reply value="true"/>
<org.thoughtcrime.securesms enabled="true"/>
</NOTIFICATIONS>
