<?xml version="1.0" encoding="UTF-8"?>
<UI>
<show_enter_button value="true"/>
<system_font value="false"/>
<ram_size value="23"/>
<battery_size value="60"/>
<device_size value="13"/>
<time_size value="70"/>
<storage_size value="23"/>
<network_size value="13"/>
<notes_size value="13"/>
<input_output_size value="15"/>
<input_bottom value="true"/>
<show_ram value="true"/>
<show_device_name value="false"/>
<show_battery value="true"/>
<show_network_info value="false"/>
<show_storage_info value="true"/>
<show_notes value="false"/>
<enable_battery_status value="true"/>
<show_time value="true"/>
<username value="sharif"/>
<deviceName value="realmeC12"/>
<system_wallpaper value="true"/>
<fullscreen value="false"/>
<device_index value="0"/>
<ram_index value="3"/>
<battery_index value="2"/>
<time_index value="1"/>
<storage_index value="4"/>
<network_index value="5"/>
<notes_index value="6"/>
<status_lines_alignment value="0,0,0,0,0,0,0,0,0"/>
<input_prefix value="&#55356;&#56807;&#55356;&#56809;"/>
<input_root_prefix value="#"/>
<display_margin_mm value="0,0,0,0"/>
<ignore_bar_color value="false"/>
<show_app_installed value="true"/>
<show_app_uninstalled value="true"/>
<show_session_info value="true"/>
<notes_header value="%( --- Notes : %c ---%n/No notes)"/>
<notes_footer value="%(%n --- ----- ---/)"/>
<notes_divider value="%n"/>
<show_restart_message value="true"/>
<notes_max_lines value="10"/>
<show_scroll_notes_message value="true"/>
<show_weather value="false"/>
<weather_index value="7"/>
<weather_size value="13"/>
<show_unlock_counter value="false"/>
<unlock_index value="8"/>
<unlock_size value="13"/>
<statusbar_light_icons value="true"/>
<bgrect_params value="2,0"/>
<shadow_params value="2,2,0.2"/>
<text_redraw_times value="1"/>
<status_lines_margins value="3,3,0,0"/>
<output_field_margins value="3,3,0,0"/>
<input_field_margins value="3,3,0,0"/>
<input_area_margins value="3,3,0,0"/>
<toolbar_margins value="3,3,0,0"/>
<suggestions_area_margin value="3,3,0,0"/>
<device_name value="RMX2189"/>
</UI>
