<?xml version="1.0" encoding="UTF-8"?>
<BEHAVIOR>

<!-- Time -->
<time_format value="d MMM yyyy HH:mm:ss@HH:mm:ss"/>
<time_format_separator value="@"/>


<!-- USER DEFAULT -->
<device_format value="♾User: Mell♾"/>
<ram_format value="☢Свободно RAM: %avgb GB из %totgb GB (%av%%)☢"/>

<!-- Phone charging -->
<battery_format value="☯%(Заряжается: /)%v%☯"/>
<battery_medium value="50"/>
<battery_low value="15"/>

<!--Remaining memory on the device-->
<storage_format value="〽Свободно памяти: %iavgb GB / %itotgb GB (%iav%%)〽"/>

<!-- NETWORK -->
<network_info_format value=""/>
<input_format value="[%t] %p %i"/>
<output_format value="%o"/>
<session_info_format value="%u@%d:%p"/>
<enable_app_launch value="true"/>
<app_launch_format value="--&gt; %a"/>
<alias_param_marker value="%"/>
<alias_param_separator value=","/>
<alias_replace_all_markers value="true"/>
<multiple_cmd_separator value=";"/>
<alias_content_format value="%a --&gt; [%v]"/>
<external_storage_path value=""/>

<!-- Default Storage -->
<home_path value="/storage/emulated/0"/>

<!-- Install apps -->
<app_installed_format value="Приложение установлено: %p"/>

<!-- Uninstall apps -->
<app_uninstalled_format value="Приложение удалено: %p"/>

<!-- Music -->
<enable_music value="false"/>
<max_optional_depth value="2"/>
<network_info_update_ms value="3500"/>
<random_play value="true"/>
<songs_folder value="&quot; &quot;"/>
<songs_from_mediastore value="true"/>

<!-- Notifications -->
<tui_notification_title value="T-UI"/>
<tui_notification_subtitle value="T-UI is running"/>
<tui_notification_click_cmd value=""/>
<tui_notification_click_showhome value="true"/>
<tui_notification_lastcmds_size value="5"/>
<tui_notification_lastcmds_updown value="true"/>
<tui_notification_priority value="0"/>
<tui_notification_time_color value="#03A9F4"/>
<tui_notification_input_color value="#ff00ff00"/>

<!--Device Orientation -->
<orientation value="2"/>

<!-- Weather -->
<weather_key value="1f798f99228596c20ccfda51b9771a86"/>
<weather_temperature_measure value="metric"/>
<weather_location value="null"/>
<weather_format value="Weather: %main, Temp: %temp"/>
<clear_on_lock value="false"/>
<weather_update_time value="3600"/>
<location_update_mintime value="20"/>
<location_update_mindistance value="500"/>
<show_weather_updates value="true"/>

<!-- Other -->
<long_click_vibration_duration value="100"/>
<long_click_duration value="700"/>
<click_commands value="true"/>
<long_click_commands value="true"/>
<append_quote_before_file value="false"/>
<optional_values_separator value="/"/>
<notes_sorting value="0"/>
<notes_allow_link value="true"/>
<htmlextractor_default_format value="%t -&gt; %v%n%a(%an = %av)(%n)"/>
<htmlextractor_notfound_message value="Not found"/>
<unlock_counter_format value="Unlocked %c times (%a10/)%n%t(Unlock n. %i --&gt; %w)3"/>
<unlock_time_divider value="%n"/>
<unlock_time_order value="1"/>
<unlock_counter_cycle_start value="6.00"/>
<not_available_text value="n/a"/>
<back_button_enabled value="true"/>
<double_tap_lock value="true"/>
<double_tap_cmd value=""/>
<tui_notification value="false"/>
<auto_show_keyboard value="true"/>
<auto_scroll value="true"/>
<show_hints value="true"/>
<show_alias_content value="false"/>
<show_launch_history value="false"/>
<clear_after_cmds value="-1"/>
<clear_after_seconds value="-1"/>
<max_lines value="-1"/>
</BEHAVIOR>