<?xml version="1.0" encoding="UTF-8"?>
<NOTIFICATIONS>
<show_notifications value="false"/>
<app_notification_enabled_default value="true"/>
<default_notification_color value="#ffcc99"/>
<notification_format value="[%t] %pkg: %[100][teal]title | %text"/>
<click_notification value="true"/>
<long_click_notification value="true"/>
<notification_popup_exclude_app value="true"/>
<notification_popup_exclude_notification value="true"/>
<notification_popup_reply value="true"/>
<nextapp.inputmethod.latin enabled="false"/>
<filter id="1" value="раскладки"/>
<com.android.providers.downloads enabled="false"/>
<com.android.systemui enabled="false"/>
<com.pittvandewitt.viperfx enabled="false"/>
<com.android.dialer enabled="false"/>
<filter id="-1" value="[%t] %pkg: Silenzium - Smells Like Teen Spirit (Nirvana cover) | Загрузка музыки"/>
<com.vkontakte.android enabled="false"/>
<com.android.vending enabled="true"/>
</NOTIFICATIONS>
