<?xml version="1.0" encoding="UTF-8"?>
<SUGGESTIONS>
<show_suggestions value="true"/>
<transparent_suggestions value="true"/>
<default_text_color value="aqua"/>
<default_bg_color value="#00ffffff"/>
<apps_text_color value="#0fbf01"/>
<apps_bg_color value="#0000897B"/>
<alias_text_color value="#1565C0"/>
<alias_bg_color value="#00FF5722"/>
<cmd_text_color value="#0fbf01"/>
<cmd_bg_color value="#8BC34A"/>
<song_text_color value=""/>
<song_bg_color value="#EEFF41"/>
<contact_text_color value=""/>
<contact_bg_color value="#0064FFDA"/>
<file_text_color value=""/>
<file_bg_color value="#0003A9F4"/>
<suggest_alias_default value="true"/>
<suggest_appgp_default value="true"/>
<click_to_launch value="true"/>
<suggestions_size value="15"/>
<double_space_click_first_suggestion value="false"/>
<suggestions_order value="2(5)0(5)1(2)3(2)"/>
<noinput_suggestions_order value="0(5)1(5)2(5)3(3)"/>
<noinput_min_command_priority value="5"/>


<hide_suggestions_when_empty value="always"/>
<suggestions_spaces value="15,15,25,20"/>
<suggestions_per_category value="5"/>
<suggestions_deadline value="0.45"/>
<suggestions_algorithm value="13"/>
<suggestions_quickcompare_n value="3"/>
</SUGGESTIONS>
