<?xml version="1.0" encoding="UTF-8"?>
<THEME>
<input_color value="#0ec201"/>
<output_color value="#0ec201"/>
<bg_color value="#333333"/>
<device_color value="#ffffff"/>
<battery_color_high value="#32CD32"/>
<battery_color_low value="#ff0000"/>
<battery_color_medium value="#FFA500"/>
<time_color value="#ffffff"/>
<storage_color value="#ff6699"/>
<ram_color value="#66ccff"/>
<network_info_color value="light teal"/>
<toolbar_bg value="#00000000"/>
<toolbar_color value="#ffffff"/>
<enter_color value="#4682B4"/>
<cursor_color value="#ffffff"/>
<overlay_color value="#00000000"/>
<alias_content_color value="#ffffff"/>
<statusbar_color value="#000000"/>
<navigationbar_color value="#000000"/>
<app_installed_color value="#39f52f"/>
<app_uninstalled_color value="#f2070e"/>
<hint_color value="#4CAF50"/>
<mark_color value="#CDDC39"/>
<notes_color value="#8BC34A"/>
<notes_locked_color value="#3D5AFE"/>
<link_color value="#0000EE"/>
<restart_message_color value="#ffffffff"/>
<weather_color value="#ffffff"/>
<unlock_counter_color value="#f2070e"/>
<session_info_color value="#888888"/>
<status_lines_bgrectcolor value="#00000000,#00000000,#00000000,#00000000,#00000000,#00000000,#00000000,#00000000,#00000000"/>
<input_bgrectcolor value="#00000000"/>
<output_bgrectcolor value="#00000000"/>
<toolbar_bgrectcolor value="#00000000"/>
<suggestions_bgrectcolor value="#00000000"/>
<status_lines_bg value="#00000000,#00000000,#00000000,#00000000,#00000000,#00000000,#00000000,#00000000,#00000000"/>
<input_bg value="#00000000"/>
<output_bg value="#00000000"/>
<suggestions_bg value="#00000000"/>
<status_lines_shadow_color value="#00000000,#00000000,#00000000,#00000000,#00000000,#00000000,#00000000,#00000000,#00000000"/>
<input_shadow_color value="#00000000"/>
<output_shadow_color value="#00000000"/>
<custom_command_color value="#ff00ff00"/>
</THEME>