<?xml version="1.0" encoding="UTF-8"?>
<UI>
<show_enter_button value="false"/>
<system_font value="true"/>
<ram_size value="13"/>
<battery_size value="13"/>
<device_size value="15"/>
<time_size value="15"/>
<storage_size value="13"/>
<network_size value="13"/>
<notes_size value="13"/>
<input_output_size value="15"/>
<input_bottom value="true"/>
<show_ram value="true"/>
<show_device_name value="true"/>
<show_battery value="true"/>
<show_network_info value="true"/>
<show_storage_info value="true"/>
<show_notes value="true"/>
<enable_battery_status value="true"/>
<show_time value="true"/>
<username value="Mell"/>
<deviceName value="Mellogram"/>
<system_wallpaper value="true"/>
<fullscreen value="true"/>
<device_index value="2"/>
<ram_index value="4"/>
<battery_index value="1"/>
<time_index value="3"/>
<storage_index value="5"/>
<network_index value="6"/>
<notes_index value="8"/>
<status_lines_alignment value="1,0,0,0,0,0,0,0,0"/>
<input_prefix value="&gt;"/>
<input_root_prefix value="#"/>
<display_margin_mm value="0,0,0,0"/>
<ignore_bar_color value="true"/>
<show_app_installed value="true"/>
<show_app_uninstalled value="true"/>
<show_session_info value="true"/>
<notes_header value=""/>
<notes_divider value="%n"/>
<show_restart_message value="false"/>
<notes_max_lines value="10"/>
<show_scroll_notes_message value="true"/>
<show_weather value="false"/>
<weather_index value="3"/>
<weather_size value="13"/>
<show_unlock_counter value="false"/>
<unlock_index value="10"/>
<unlock_size value="13"/>
<status_bar_light_icons value="true"/>
<bgrect_params value="2,0"/>
<shadow_params value="2,2,0.2"/>
<text_redraw_times value="1"/>
<status_lines_margins value="3,3,0,0"/>
<output_field_margins value="3,3,0,0"/>
<input_field_margins value="3,3,0,0"/>
<input_area_margins value="3,3,0,0"/>
<toolbar_margins value="3,3,0,0"/>
<suggestions_area_margin value="3,3,0,0"/>
<notes_footer value="%(%n --- ----- ---/)"/>

<suggestions_align value="0"/>
<toolbar_align value="1"/>
<input_align value="0"/>
<statusbar_light_icons value="true"/>
</UI>