<?xml version="1.0" encoding="UTF-8"?>
<SUGGESTIONS>
<show_suggestions value="true"/>
<transparent_suggestions value="true"/>
<default_text_color value="#ebdbb2"/>
<default_bg_color value="#00bb00"/>
<apps_text_color value="#3699BA"/>
<apps_bg_color value="#00bb00"/>
<alias_text_color value="#ebdbb2"/>
<alias_bg_color value="#00bb00"/>
<cmd_text_color value="#ebdbb2"/>
<cmd_bg_color value="#00bb00"/>
<song_text_color value=""/>
<song_bg_color value="#00bb00"/>
<contact_text_color value="#adf0d3"/>
<contact_bg_color value="#00bb00"/>
<file_text_color value="#ffffff"/>
<file_bg_color value="#00bb00"/>
<suggest_alias_default value="true"/>
<suggest_appgp_default value="true"/>
<click_to_launch value="true"/>
<suggestions_size value="16"/>
<double_space_click_first_suggestion value="false"/>
<noinput_suggestions_order value="1(11)0(5)2(2)3(5)"/>
<suggestions_order value="1(20)2(2)0(5)3(3)"/>
<noinput_min_command_priority value="5"/>
<suggestions_per_category value="5"/>
<suggestions_deadline value="0.45"/>
<suggestions_algorithm value="13"/>
<suggestions_quickcompare_n value="3"/>
<hide_suggestions_when_empty value="always"/>
<suggestions_spaces value="18,15,18,15"/>
</SUGGESTIONS>
