<?xml version="1.0" encoding="UTF-8"?>
<THEME>
<input_color value="#adf0d3"/>
<output_color value="#00ff41"/>
<bg_color value="#ff000000"/>
<device_color value="#00ff41"/>
<battery_color_high value="#00ff41"/>
<battery_color_medium value="#00ff41"/>
<battery_color_low value="#00ff41"/>
<time_color value="#00ff41"/>
<storage_color value="#00ff41"/>
<ram_color value="#00ff41"/>
<network_info_color value="#00ff41"/>
<toolbar_bg value="#00000000"/>
<toolbar_color value="#ffff0000"/>
<enter_color value="#ffffffff"/>
<cursor_color value="#00ff41"/>
<overlay_color value="#80000000"/>
<alias_content_color value="#00ff41"/>
<statusbar_color value="#00ff41"/>
<navigationbar_color value="#00ff41"/>
<app_installed_color value="#00ff41"/>
<app_uninstalled_color value="#00ff41"/>
<hint_color value="#00ff41"/>
<mark_color value="#00ff41"/>
<notes_color value="#00ff41"/>
<notes_locked_color value="#00ff41"/>
<link_color value="#00ff41"/>
<restart_message_color value="#ffffffff"/>
<weather_color value="#fff44336"/>
<unlock_counter_color value="#00ff41"/>
<session_info_color value="#adf0d3"/>
<status_lines_bgrectcolor value="#00000000,#00000000,#00000000,#00000000,#00000000,#00000000,#00000000,#00000000,#00000000"/>
<input_bgrectcolor value="#00000000"/>
<output_bgrectcolor value="#00000000"/>
<toolbar_bgrectcolor value="#00000000"/>
<suggestions_bgrectcolor value="#00000000"/>
<status_lines_bg value="#00000000,#00000000,#00000000,#00000000,#00000000,#00000000,#00000000,#00000000,#00000000"/>
<input_bg value="#44408180"/>
<output_bg value="#00000000"/>
<suggestions_bg value="#00000000"/>
<status_lines_shadow_color value="#00000000,#00000000,#00000000,#00000000,#00000000,#00000000,#00000000,#00000000,#00000000"/>
<input_shadow_color value="#00000000"/>
<output_shadow_color value="#00000000"/>
<custom_command_color value="#00ff41"/>
</THEME>
