<?xml version="1.0" encoding="UTF-8"?>
<BEHAVIOR>
<double_tap_lock value="false"/>
<double_tap_cmd value="clear"/>
<random_play value="true"/>
<songs_folder value="/storage/0/Music"/>
<songs_from_mediastore value="true"/>
<tui_notification value="false"/>
<auto_show_keyboard value="false"/>
<auto_scroll value="false"/>
<show_hints value="false"/>
<show_alias_content value="true"/>
<show_launch_history value="true"/>
<clear_after_cmds value="-1"/>
<clear_after_seconds value="-1"/>
<max_lines value="9999999999999"/>
<time_format value="⎋ MMM d, yyyy [E]       ⊶         HH:mm:ss@HH:mm:ss "/>
<time_format_separator value="@"/>
<battery_medium value="50"/>
<battery_low value="15"/>
<device_format value="⎘ GNU/LINUX 4.15.0-36_generic x86_64 --OnePlus 8 Pro %n"/>
<ram_format value="⎒ RAM: %avgb GB of %totgb GB (%av% %)          "/>
<battery_format value="%(⌁ device is charging... (•)/⎇ unplugged •) ⏦ [&#55349;&#56945;&#55349;&#56944;&#55349;&#56963;&#55349;&#56963;&#55349;&#56948;&#55349;&#56961;&#55349;&#56968; %v %]"/>
<storage_format value="&#55349;&#56959; &#55349;&#56958; &#55349;&#56961; &#55349;&#56962; &#55349;&#56946; &#55349;&#56951; &#55349;&#56948;  &#55349;&#56947; &#55349;&#56948; &#55349;&#56962; &#55349;&#56952; &#55349;&#56950; &#55349;&#56957;"/>
<network_info_format value="⇵ %(IP address via WiFi [%wn]: %ip4 /%[IP address via mobile_data [%dt]: %ip4 /offline]) // {bt --%b1}"/>
<input_format value="&gt;_ %t1 %n&#9;} if {&#9;&#9;&#9;&#9;                                                                   &#9;&#9;&#9;&#9;#!/console.executing… &#9;&#9;&#9;&#9;&#9;                                                   &#9;&#9;&#9;&#9;&#9; %p %i _ &#9;&#9;&#9;&#9;&#9;&#9;&#9;&#9;&#9;&#9;&#9;&#9;&#9;&#9;                                                              &#9;&#9;&#9;} &#9;&#9;&#9;&#9;&#9;&#9;&#9;&#9;&#9;&#9;&#9;                                                             &#9;} then... &#9;&#9;&#9;&#9;&#9;&#9;&#9;&#9;&#9;&#9;&#9;                                                             &#9;&#9; Please wait, while activity is processing\... &#9;&#9; &#9;&#9;&#9;&#9;&#9;&#9;&#9;&#9;&#9;&#9;&#9;&#9;&#9;&#9;&#9;&#9;&#9;&#9;&#9;&#9;&#9;&#9;&#9;&#9;&#9;&#9;&#9;&#9;&#9;&#9;&#9;&#9;&#9;&#9;&#9;&#9;&#9;&#9;&#9;&#9;&#9;&#9;&#9;&#9;&#9;&#9;&#9;&#9;&#9;&#9;&#9;&#9;&#9;&#9;&#9;&#9;&#9;&#9;&#9;&#9;→ Done!&#9;&#9;&#9;&#9;&#9;&#9;&#9;&#9;&#9;&#9;&#9;&#9;&#9;&#9;&#9;&#9;&#9;&#9;&#9;&#9;&#9;&#9;&#9;&#9;&#9;&#9;&#9;&#9;&#9;&#9;&#9;&#9;&#9;&#9;&#9;&#9;&#9;&#9;&#9;&#9;&#9;&#9;&#9;&#9;                      &#9;&#9;&#9;&#9;&#9;&#9;&#9;&#9;/}"/>
<output_format value="  %o"/>
<session_info_format value="%u@%d:%p _"/>
<enable_app_launch value="true"/>
<app_launch_format value="Starting: Intent { cmp=%p/%a }"/>
<alias_param_marker value="^"/>
<alias_param_separator value=","/>
<alias_replace_all_markers value="true"/>
<multiple_cmd_separator value=";"/>
<alias_content_format value="ا %v.$ %n"/>
<external_storage_path value="/storage/74E3-947B"/>
<home_path value="/storage/emulated/0"/>
<app_installed_format value="ا App installed: %l"/>
<app_uninstalled_format value="ا App uninstalled: %l"/>
<enable_music value="true"/>
<max_optional_depth value="2"/>
<network_info_update_ms value="300"/>
<tui_notification_title value=""/>
<tui_notification_subtitle value=""/>
<tui_notification_click_cmd value=""/>
<tui_notification_click_showhome value=""/>
<tui_notification_lastcmds_size value=""/>
<tui_notification_lastcmds_updown value=""/>
<tui_notification_priority value="0"/>
<long_click_vibration_duration value="100"/>
<long_click_duration value="900"/>
<click_commands value="true"/>
<long_click_commands value="true"/>
<append_quote_before_file value="false"/>
<optional_values_separator value="/"/>
<notes_sorting value="0"/>
<notes_allow_link value="true"/>
<orientation value="2"/>
<htmlextractor_default_format value="%t -&gt; %v%n%a(%an = %av)(%n)"/>
<htmlextractor_notfound_message value="Not found"/>
<tui_notification_time_color value="#03A9F4"/>
<tui_notification_input_color value="#ff00ff00"/>
<weather_key value="1e5c7a9ce56953a28460345f29fea182"/>
<weather_temperature_measure value="metric"/>
<weather_location value="51.28,12.38"/>

<weather_format value="             ⏧ %name, %main, t°: +%temp°C.                              Humidity: %humidity%, Wind: %speed m/s, Pressure: %pressure mmHg"/>
<clear_on_lock value=""/>
<unlock_counter_format value=""/>
<unlock_time_divider value="%n"/>
<unlock_time_order value="1"/>
<unlock_counter_cycle_start value="6.00"/>
<not_available_text value="n/a"/>
<back_button_enabled value="false"/>
<weather_update_time value="1800"/>
<location_update_mintime value="10"/>
<location_update_mindistance value="10"/>
<show_weather_updates value="false"/>
</BEHAVIOR>
