<?xml version="1.0" encoding="UTF-8"?>
<NOTIFICATIONS>
<show_notifications value="true"/>
<app_notification_enabled_default value="true"/>
<default_notification_color value="#ffc0c0c0"/>
<notification_format value="&gt;_ %t1 %n&#9;} ⋙ :[show.notification]--  &#9;&#9;&#9;&#9;&#9;&#9;&#9;&#9;&#9;                                                             &#9;&#9;&#9; Parsing_information\...&#9;&#9;&#9;&#9;&#9;                                                              &#9;&#9;&#9;&#9;  } &#9;&#9;&#9;&#9;&#9;&#9;&#9;&#9;&#9;&#9;                                                                 &#9;&#9;&#9;&#9;&#9;@'%app' --[%pkg] { &#9;&#9;&#9;&#9;&#9;&#9;                                                             &#9;&#9;&#9;&#9;    [*]〈notification_title value=‘‘%[9999][#E4F34A]title‘‘/〉 &#9;&#9;&#9;&#9;&#9;&#9;&#9;&#9;&#9;&#9;&#9;&#9;&#9;&#9;&#9; &#9;&#9;&#9;&#9;&#9;&#9;&#9;&#9;&#9;&#9;&#9;&#9;&#9;&#9;&#9;&#9;&#9;&#9;&#9;&#9;&#9;&#9;&#9;&#9;&#9;&#9;&#9;&#9;&#9;&#9;                                                              &#9;&#9;&#9;&#9;&#9;&#9;&gt;_ %[9999999999999999999999999999999][#ffffff]text _ &#9;&#9;&#9;&#9;&#9;&#9;&#9;&#9;&#9;&#9;&#9;&#9;&#9;&#9;&#9;                                                              &#9;&#9;&#9;&#9;[]"/>
<click_notification value="true"/>
<long_click_notification value="true"/>
<notification_popup_exclude_app value="true"/>
<notification_popup_exclude_notification value="true"/>
<notification_popup_reply value="true"/>

<!-- FILTERS -->
<filter id="-1" value="Change keyboard"/>
<filter id="-2" value="null "/>

<android enabled="false"/>
<net.openvpn.openvpn enabled="false"/>
<com.google.android.googlequicksearchbox enabled="false"/>
<com.google.android.gms enabled="false"/>
<com.oneplus.gamespace enabled="false"/>
<com.microsoft.emmx enabled="false"/>
<com.android.vending enabled="false"/>
<ch.protonmail.android enabled="true" color="#FF6600FA" format="11"/>
<org.fdroid.fdroid enabled="false"/>
<filter id="-1" value=" %app  %n  ﬌ Postfach wird geprüft : null%n"/>
<filter id="-1" value=" %app  %n Synchronising Calendars… : null"/>
<com.vanced.android.youtube enabled="false"/>
<filter id="-1" value=" %app  %n  ﬌ Video wird komprimiert … : null%n"/>
<filter id="-1" value=" %app  %n Synchronising Calendars… : null"/>
<org.videolan.vlc enabled="false"/>
<com.avg.cleaner enabled="false"/>
<filter id="-1" value=" %app  %n  ﬌ Prüfen auf Nachrichten … : null%n"/>
<filter id="-1" value=" %app  %n Wird vorbereitet… : null"/>
<free.vpn.unblock.proxy.turbovpn.lite enabled="false"/>

<kim.uno.s8 enabled="false"/>
<com.microsoft.office.outlook enabled="false"/>
<com.db.pwcc.dbmobile enabled="false"/>
<com.onedollar.bubblenotificationq enabled="false"/>
</NOTIFICATIONS>
