<?xml version="1.0" encoding="UTF-8"?>
<SUGGESTIONS>
           <alias_bg_color value="#00282a36"/>
           <alias_text_color value="#ff79c6"/>
           <apps_bg_color value="#00282a36"/>
           <apps_text_color value="#f1fa8c"/>
           <cmd_bg_color value="#00282a36"/>
           <cmd_text_color value="#ffb86c"/>
           <contact_bg_color value="#64FFDA"/>
           <contact_text_color value="#f1fa8c"/>
           <default_bg_color value="#ffffff"/>
           <default_text_color value="#000000"/>
           <enabled value="true"/>
           <file_bg_color value="#03A9F4"/>
           <file_text_color value="#f1fa8c"/>
           <song_bg_color value="#ff1a1a1a"/>
           <song_text_color value="#ff03a9e4"/>
           <transparent value="false"/>
      <show_suggestions value="true"/>
<transparent_suggestions value="true"/>
<suggest_alias_default value="true"/>
<suggest_appgp_default value="false"/>
<click_to_launch value="true"/>
<suggestions_size value="20"/>
<double_space_click_first_suggestion value="false"/>
noinput_suggestions_order value="0(0)1(9)2(0)3(3)"/>
<suggestions_order value="2(2)0(6)1(11)3(3)"/>
<noinput_min_command_priority value="5"/>
<suggestions_per_category value="11"/>
<suggestions_deadline value="0.45"/>
<suggestions_algorithm value="13"/>
<suggestions_quickcompare_n value="3"/>
<hide_suggestions_when_empty value="always"/>
<suggestions_spaces value="20,1,30,1"/>
<enabled value="true"/>

<noinput_suggestions_order value="0(0)1(11)2(0)3(9999)"/>
suggestions_order value="0(0)1(0)2(0)3(0)"/>

</SUGGESTIONS>
