<?xml version="1.0" encoding="UTF-8"?>
<BEHAVIOR>
<double_tap_lock value="false"/>
<double_tap_cmd value="meow"/>
<random_play value="true"/>
<songs_folder value=""/>
<songs_from_mediastore value="false"/>
<tui_notification value="false"/>
<auto_show_keyboard value="true"/>
<auto_scroll value="true"/>
<show_hints value="false"/>
<show_alias_content value="false"/>
<show_launch_history value="true"/>
<clear_after_cmds value="20"/>
<clear_after_seconds value="-1"/>
<max_lines value="800"/>
<time_format value="@ HH:mm:ss­­­­­­­­­­"/>
<time_format_separator value=","/>
<battery_medium value="50"/>
<battery_low value="10"/>
<device_format value="┏━━━━━━━━━━━━━━━━━━━━━━━━━━━━━━━━━━━━━━━━━━━━━━━━━━━━━━━━━━━━━━━━━━━━━━━━━━━━━━━━┓­­­­­­­­­­"/>

<ram_format value="r: %avgb GB"/>
<battery_format value="b: %v%%(⚡/)"/>
<storage_format value="┗━━━━━━━━━━━━━━━━━━━━━━━━━━━━━━━━━━━━━━━━━━━━━━━━━━━━━━━━━━━━━━━━━━━━━━━━━━━━━━━━┛"/>
<network_info_format value="­­­­­­ %(­­­­­%wn /%[4G/Lost]  %ip4)"/>
<input_format value="%p %i %t"/>
<output_format value="%o"/>
<session_info_format value="%u@%d:%p"/>
<enable_app_launch value="true"/>
<app_launch_format value=" %l ⋙  [%app]"/>
<alias_param_marker value="%"/>
<alias_param_separator value=","/>
<alias_replace_all_markers value="true"/>
<multiple_cmd_separator value=";"/>
<alias_content_format value="%a --&gt; [%v]"/>
<external_storage_path value=""/>
<home_path value="/storage/emulated/0/"/>
<app_installed_format value="ﬓ Package Manager %n  Installed: %l [%p]"/>
<app_uninstalled_format value="ﬓ Package Manager %n  Uninstalled: %l [%p]"/>
<enable_music value="false"/>
<max_optional_depth value="2"/>
<network_info_update_ms value="5000"/>
<tui_notification_title value="T-UI"/>
<tui_notification_subtitle value="T-UI is running"/>
<tui_notification_click_cmd value=""/>
<tui_notification_click_showhome value="true"/>
<tui_notification_lastcmds_size value="15"/>
<tui_notification_lastcmds_updown value="true"/>
<tui_notification_priority value="0"/>
<long_click_vibration_duration value="100"/>
<long_click_duration value="900"/>
<click_commands value="true"/>
<long_click_commands value="true"/>
<append_quote_before_file value="false"/>
<optional_values_separator value="/"/>
<notes_sorting value="0"/>
<notes_allow_link value="true"/>
<orientation value="2"/>
<htmlextractor_default_format value="%t -&gt; %v%n%a(%an = %av)(%n)"/>
<htmlextractor_notfound_message value="Not found"/>
<tui_notification_time_color value="#03A9F4"/>
<tui_notification_input_color value="#ff00ff00"/>
<weather_key value="1f798f99228596c20ccfda51b9771a86"/>
<weather_temperature_measure value="metric"/>
<weather_location value="51.799455,-0.071862"/>

<weather_format value="┗━━━━━━━━━━━━━━━━━━━━━━━━━━━━━━━━━━━━━━━━━━━━━━━━━━━━━━━━━━━━━━━━━━━━━━━━━━━━━━━┛"/>

<clear_on_lock value="true"/>

<unlock_counter_format value="Unlock %c times (%a10/)%n%t(Unlock n. %i --&gt; %w)3"/>

<unlock_time_divider value="%n"/>
<unlock_time_order value="1"/>
<unlock_counter_cycle_start value="6.00"/>
<not_available_text value="n/a"/>
<back_button_enabled value="true"/>
<weather_update_time value="9600"/>
<location_update_mintime value="600"/>
<location_update_mindistance value="500"/>
<show_weather_updates value="false"/>
</BEHAVIOR>
