<?xml version="1.0" encoding="UTF-8"?>
<EXPERT>
<show_help value="true"/>
<show_call value="true"/>
<use_root value="true"/>
<numbering_notes value="false"/>
<custom_command value="sh /storage/emulated/0/t-ui/sealyj-status || echo Failed to load sealyj-status, is su module working? Try switching to root with the command: su"/>
<custom_command_timeout value="15"/>
<custom_command_size value="12"/>
<show_custom_command value="true"/>
<custom_command_index value="1"/>
<termux_timeout value="30"/>
<show_exit value="true"/>
<exit_password value=""/>
</EXPERT>
