<?xml version="1.0" encoding="UTF-8"?>
<NOTIFICATIONS>
<show_notifications value="true"/>
<app_notification_enabled_default value="true"/>
<default_notification_color value="#FFFFFFFF"/>
<notification_format value=" %app %t %n %[50][white]title : %[50][white]text"/>
<click_notification value="true"/>
<long_click_notification value="true"/>
<notification_popup_exclude_app value="true"/>
<notification_popup_exclude_notification value="true"/>
<notification_popup_reply value="true"/>

<!-- FILTERS -->
<filter id="-1" value="Change keyboard"/>
<!--<filter id="-2" value="null "/> -->
<filter id="-3" value="Telegram"/>
<filter id="-4" value="WhatsApp"/>

<!-- ENABLED -->
<org.telegram.messenger enabled="true" color="#FF01C9FC" format="1"/>
<com.whatsapp enabled="true" color="#FF4BFC01" format="2"/>
<com.twitter.android enabled="true" color="#FF01C9FC" format="3"/>
<com.spotify.music enabled="true" color="#FF77E01F" format="8"/>
<com.instagram.android enabled="true" color="#FFFC01C9" format="4"/>
<com.android.dialer enabled="true" color="#FF60F100" format="5"/>
<org.thoughtcrime.securesms enabled="true" color="#FFE01F77" format="7"/>
<com.classlist.parent enabled="true" color="#db89f4" format="6"/>
<com.google.android.youtube enabled="true" color="#FFFF0327" format="9"/>
<com.snapchat.android enabled="true" color="#FFFED302" format="10"/>
<com.termux enabled="true" color="#FF00D8A7" format="11"/>
<ch.gridvision.ppam.androidautomagic enabled="true" color="#FF6600FA" format="12"/>


<!-- formats for notification apps -->

<format id="1" value=" %app %t %n  ﬌ %[#FFFFFFFF]title : %[#FFFFFFFF]text"/>
 <!-- Telegram -->

<format id="2" value=" %app %t %n  ﬌ %[#FFFFFFFF]title : %[#FFFFFFFF]text"/>
 <!-- WhatsApp -->

<format id="3" value=" %app %t %n  ﬌ %[#FFFFFFFF]title : %[#FFFFFFFF]text"/>
 <!-- Twitter -->

<format id="4" value=" %app %t %n  ﬌ %[#FFFFFFFF]title : %[#FFFFFFFF]text"/>
 <!-- Instagram -->

<format id="5" value=" %app %t %n  ﬌ %[#FFFFFFFF]title : %[#FFFFFFFF]text"/>
 <!-- Phone  -->

<format id="6" value=" %app %t %n  ﬌ %[#FFFFFFFF]title : %[#FFFFFFFF]text"/>
 <!-- Classlist  -->

<format id="7" value=" %app %t %n  ﬌ %[#FFFFFFFF]title : %[#FFFFFFFF]text"/>
<!-- Signal  -->

<format id="8" value="阮 %app %t %n  ﬌ %[#FFFFFFFF]title : %[#FFFFFFFF]text "/>
 <!-- Spotify  -->

<format id="9" value=" %app %t %n  ﬌ %[#FFFFFFFF]title : %[#FFFFFFFF]text"/>
 <!-- Youtube  -->

<format id="10" value="例 %app %t %n  ﬌ %[#FFFFFFFF]title : %[#FFFFFFFF]text"/>
 <!-- Snapchat  -->

<format id="11" value=" %app %t %n  ﬌ %[#FFFFFFFF]title : %[#FFFFFFFF]text"/>
 <!-- Termux  -->

<format id="12" value=" A-System %t %n  ﬌ %[#FFFFFFFF]title : %[#FFFFFFFF]text"/>
 <!-- Automagic  -->
<!--<format id="9" value=" %app  %t %n%[#FF01C9FC]title : %[#FF01C9FC]text"/>
  CUSTOM COLOR EXAMPLE  -->

<!-- DISABLED APPS -->

<android enabled="false"/>
<net.openvpn.openvpn enabled="false"/>
<com.google.android.googlequicksearchbox enabled="false"/>
<com.google.android.gms enabled="false"/>
</NOTIFICATIONS>
