<?xml version="1.0" encoding="UTF-8"?>
<RSS>
<rss_default_color value="#ffffffff"/>
<rss_default_format value="%[50][#FFFF5200]title ### %[100][white]description (%pubDate)"/>
<include_rss_default value="true"/>
<rss_hidden_tags value="img"/>
<rss_time_format value="%t0"/>
<show_rss_download value="true"/>
<rss_download_format value="RSS: %id --- Downloaded %sb bytes"/>
<rss_download_message_color value="#ffffffff"/>
<click_rss value="true"/>
<rss id="1" updateTimeSec="14400" show="false" url="http://feeds.bbci.co.uk/news/rss.xml" lastShownItem="1572488240000" lastChecked="1612285021985"/>
<rss id="2" updateTimeSec="68000" show="false" url="https://www.reddit.com/r/funny.xml" lastChecked="1612285022426" pubDateTag="updated" timeFormat="yyyy-MM-dd'T'HH:mm:ssXXXX" entryTag="entry" lastShownItem="1553360869000"/>
</RSS>
