<?xml version="1.0" encoding="UTF-8"?>
<SUGGESTIONS>
<show_suggestions value="true"/>
<transparent_suggestions value="true"/>
<default_text_color value="#ffff5200"/>
<default_bg_color value="#000000"/>
<apps_text_color value="ffff5200"/>
<apps_bg_color value="#00000000"/>
<alias_text_color value="#ffffffff"/>
<alias_bg_color value="#00000000"/>
<cmd_text_color value=""/>
<cmd_bg_color value="#a7b7a7"/>
<song_text_color value=""/>
<song_bg_color value="#EEFF41"/>
<contact_text_color value=""/>
<contact_bg_color value="#000000"/>
<file_text_color value=""/>
<file_bg_color value="#03A9F4"/>
<suggest_alias_default value="true"/>
<suggest_appgp_default value="true"/>
<click_to_launch value="true"/>
<suggestions_size value="19"/>
<double_space_click_first_suggestion value="true"/>
<noinput_suggestions_order value="0(0)1(15)2(0)3(3)"/>
<suggestions_order value="2(2)0(6)1(10)3(3)"/>
<noinput_min_command_priority value="5"/>
<suggestions_per_category value="10"/>
<suggestions_deadline value="0.45"/>
<suggestions_algorithm value="13"/>
<suggestions_quickcompare_n value="3"/>
<hide_suggestions_when_empty value="always"/>
<suggestions_spaces value="22,1,30,1"/>
<enabled value="true"/>
</SUGGESTIONS>
