<?xml version="1.0" encoding="UTF-8"?>
<THEME>
<input_color value="#FFFC3401"/>
<output_color value="#ffffffff"/>
<bg_color value="#00000000"/>
<device_color value="#ffffffff"/>
<battery_color_high value="#ffffff"/>
<battery_color_medium value="#ffffff"/>
<battery_color_low value="#FFFF0000"/>
<time_color value="#ffffffff"/>
<storage_color value="#ffffffff"/>
<ram_color value="#ffffffff"/>
<network_info_color value="#ffffffff"/>
<toolbar_bg value="#00000000"/>
<toolbar_color value="#ffffffff"/>
<enter_color value="#ffffffff"/>
<cursor_color value="#FFFF5200"/>
<overlay_color value="#00000000"/>
<alias_content_color value="#FFFC3401"/>
<statusbar_color value="#00000000"/>
<navigationbar_color value="#00000000"/>
<app_installed_color value="#FF7A28FF"/>
<app_uninstalled_color value="#FF7A28FF"/>
<hint_color value="#FFFC3401"/>
<mark_color value="#ffffffff"/>
<notes_color value="#ffffffff"/>
<notes_locked_color value="#ffffffff"/>
<link_color value="#0000EE"/>
<restart_message_color value="#ffffffff"/>
<weather_color value="#ffffffff"/>
<unlock_counter_color value="#ffffffff"/>
<session_info_color value="#ffffffff"/>
<status_lines_bgrectcolor value="#00000000,#00000000,#00000000,#00000000,#00000000,#00000000,#00000000,#00000000,#00000000"/>
<input_bgrectcolor value="#00000000"/>
<output_bgrectcolor value="#00000000"/>
<toolbar_bgrectcolor value="#00000000"/>
<suggestions_bgrectcolor value="#00000000"/>
<status_lines_bg value="#00000000,#00000000,#00000000,#00000000,#00000000,#00000000,#00000000,#00000000,#00000000"/>
<input_bg value="#00000000"/>
<output_bg value="#00000000"/>
<suggestions_bg value="#00000000"/>
<status_lines_shadow_color value="#000000,#000000,#000000,#000000,#000000,#000000,#000000,#000000,#000000"/>
<input_shadow_color value="#FF000000"/>
<output_shadow_color value="#FF000000"/>
<custom_command_color value="#FFFFFFFF"/>
</THEME>
