<?xml version="1.0" encoding="UTF-8"?>
<UI>
<show_enter_button value="true"/>
<system_font value="false"/>
<ram_size value="9"/>
<battery_size value="9"/>
<device_size value="9"/>
<time_size value="13"/>
<storage_size value="9"/>
<network_size value="9"/>
<notes_size value="6"/>
<input_output_size value="11"/>
<input_bottom value="true"/>
<show_ram value="false"/>
<show_device_name value="false"/>
<show_battery value="false"/>
<show_network_info value="false"/>
<show_storage_info value="false"/>
<show_notes value="true"/>
<enable_battery_status value="false"/>
<show_time value="false"/>
<username value="seal"/>
<deviceName value="sprout"/>
<system_wallpaper value="true"/>
<fullscreen value="true"/>
<device_index value="0"/>
<ram_index value="5"/>
<battery_index value="8"/>
<time_index value="3"/>
<storage_index value="6"/>
<network_index value="2"/>
<notes_index value="7"/>
<status_lines_alignment value="-1,1,1,1,1,1,1,1,1"/>
<input_prefix value=" $"/>
<input_root_prefix value=" #"/>
<display_margin_mm value="0,0,0,0"/>
<ignore_bar_color value="false"/>
<show_app_installed value="true"/>
<show_app_uninstalled value="true"/>
<show_session_info value="true"/>
<notes_footer value="%(%n ╰─────────────────────────────────────────────────────────────────────────────────────────────────────────────────╯ /)"/>
<notes_header value="%( ╭─────────────────────────────────────────────────────────────────────────────────────────────────────────────────╮ %n/)"/>
<notes_divider value="%n"/>
<show_restart_message value="true"/>
<notes_max_lines value="15"/>
<show_scroll_notes_message value="true"/>
<show_weather value="false"/>
<weather_index value="4"/>
<weather_size value="9"/>
<show_unlock_counter value="false"/>
<unlock_index value="8"/>
<unlock_size value="13"/>
<statusbar_light_icons value="true"/>
<bgrect_params value="2,0"/>
<shadow_params value="2,2,0.2"/>
<text_redraw_times value="1"/>
<status_lines_margins value="0,0,0,0"/>
<output_field_margins value="21,1,1,21"/>
<input_field_margins value="0,0,0,0"/>
<input_area_margins value="3,0,0,0"/>
<toolbar_margins value="1,1,0,0"/>
<suggestions_area_margin value="10,8,0,0"/>
<device_name value="sealyj"/>
</UI>
