<?xml version="1.0" encoding="UTF-8"?>
<?xml-stylesheet title="XSL_formatting" type="text/xsl" href="/shared/bsp/xsl/rss/nolsol.xsl"?>
<rss xmlns:dc="http://purl.org/dc/elements/1.1/" xmlns:content="http://purl.org/rss/1.0/modules/content/" xmlns:atom="http://www.w3.org/2005/Atom" version="2.0" xmlns:media="http://search.yahoo.com/mrss/">
    <channel>
        <title><![CDATA[BBC News - Home]]></title>
        <description><![CDATA[BBC News - Home]]></description>
        <link>https://www.bbc.co.uk/news/</link>
        <image>
            <url>https://news.bbcimg.co.uk/nol/shared/img/bbc_news_120x60.gif</url>
            <title>BBC News - Home</title>
            <link>https://www.bbc.co.uk/news/</link>
        </image>
        <generator>RSS for Node</generator>
        <lastBuildDate>Tue, 02 Feb 2021 16:52:52 GMT</lastBuildDate>
        <copyright><![CDATA[Copyright: (C) British Broadcasting Corporation, see http://news.bbc.co.uk/2/hi/help/rss/4498287.stm for terms and conditions of reuse.]]></copyright>
        <language><![CDATA[en-gb]]></language>
        <ttl>15</ttl>
        <item>
            <title><![CDATA[Covid-19: Captain Sir Tom Moore dies with coronavirus]]></title>
            <description><![CDATA[The 100-year-old had raised £33m for the NHS and had his daughters by his bedside in hospital.]]></description>
            <link>https://www.bbc.co.uk/news/uk-england-beds-bucks-herts-55881753</link>
            <guid isPermaLink="true">https://www.bbc.co.uk/news/uk-england-beds-bucks-herts-55881753</guid>
            <pubDate>Tue, 02 Feb 2021 16:34:49 GMT</pubDate>
        </item>
        <item>
            <title><![CDATA[Covid-19: 'Critical' those in South African variant test areas stay at home]]></title>
            <description><![CDATA[People in areas where the South African variant was found should get a test, the health secretary says.]]></description>
            <link>https://www.bbc.co.uk/news/uk-55906365</link>
            <guid isPermaLink="true">https://www.bbc.co.uk/news/uk-55906365</guid>
            <pubDate>Tue, 02 Feb 2021 16:51:28 GMT</pubDate>
        </item>
        <item>
            <title><![CDATA[Covid: Scottish schools to start phased return this month]]></title>
            <description><![CDATA[The country's youngest primary and nursery pupils are likely to return to the classroom from 22 February.]]></description>
            <link>https://www.bbc.co.uk/news/uk-scotland-55904466</link>
            <guid isPermaLink="true">https://www.bbc.co.uk/news/uk-scotland-55904466</guid>
            <pubDate>Tue, 02 Feb 2021 15:30:27 GMT</pubDate>
        </item>
        <item>
            <title><![CDATA[UK variant has mutated again, scientists say]]></title>
            <description><![CDATA[The Kent variant now dominant in the UK appears to be undergoing some "worrying" new changes.]]></description>
            <link>https://www.bbc.co.uk/news/health-55900625</link>
            <guid isPermaLink="true">https://www.bbc.co.uk/news/health-55900625</guid>
            <pubDate>Tue, 02 Feb 2021 12:32:06 GMT</pubDate>
        </item>
        <item>
            <title><![CDATA[Myanmar coup: Calls for Aung San Suu Kyi release]]></title>
            <description><![CDATA[Aung San Suu Kyi and other elected leaders were detained on Monday as the military seized power.]]></description>
            <link>https://www.bbc.co.uk/news/world-asia-55722226</link>
            <guid isPermaLink="true">https://www.bbc.co.uk/news/world-asia-55722226</guid>
            <pubDate>Tue, 02 Feb 2021 15:44:48 GMT</pubDate>
        </item>
        <item>
            <title><![CDATA[Russia's Sputnik V vaccine has 92% efficacy in trial]]></title>
            <description><![CDATA[Trials with 20,000 volunteers show the vaccine gives a high level of protection against Covid-19.]]></description>
            <link>https://www.bbc.co.uk/news/health-55900622</link>
            <guid isPermaLink="true">https://www.bbc.co.uk/news/health-55900622</guid>
            <pubDate>Tue, 02 Feb 2021 13:37:02 GMT</pubDate>
        </item>
        <item>
            <title><![CDATA[UK snow: Hundreds of schools shut and travel disrupted]]></title>
            <description><![CDATA[People are urged to avoid travelling as parts of northern England are blanketed with overnight snow.]]></description>
            <link>https://www.bbc.co.uk/news/uk-england-55899744</link>
            <guid isPermaLink="true">https://www.bbc.co.uk/news/uk-england-55899744</guid>
            <pubDate>Tue, 02 Feb 2021 14:50:17 GMT</pubDate>
        </item>
        <item>
            <title><![CDATA[EU shellfish import ban permanent, UK fishing industry told]]></title>
            <description><![CDATA[The government promises to push Brussels to change its transport rules on scallops, clams and mussels.]]></description>
            <link>https://www.bbc.co.uk/news/uk-politics-55903599</link>
            <guid isPermaLink="true">https://www.bbc.co.uk/news/uk-politics-55903599</guid>
            <pubDate>Tue, 02 Feb 2021 14:28:47 GMT</pubDate>
        </item>
        <item>
            <title><![CDATA[British Gas owner 'was posted excrement' in pay row]]></title>
            <description><![CDATA[The boss of Centrica defends "fire and rehire" plans amid protests from staff.]]></description>
            <link>https://www.bbc.co.uk/news/business-55903809</link>
            <guid isPermaLink="true">https://www.bbc.co.uk/news/business-55903809</guid>
            <pubDate>Tue, 02 Feb 2021 13:18:16 GMT</pubDate>
        </item>
        <item>
            <title><![CDATA[Perth: Aerial footage shows Australian bushfire rage near city]]></title>
            <description><![CDATA[A bushfire just outside of Perth has destroyed dozens of homes as the city remains in Covid lockdown.]]></description>
            <link>https://www.bbc.co.uk/news/world-australia-55904119</link>
            <guid isPermaLink="true">https://www.bbc.co.uk/news/world-australia-55904119</guid>
            <pubDate>Tue, 02 Feb 2021 11:51:57 GMT</pubDate>
        </item>
        <item>
            <title><![CDATA[Two FBI agents shot dead and three hurt during Florida raid]]></title>
            <description><![CDATA[The gunfight took place at an upscale gated community while agents were investigating child abuse.]]></description>
            <link>https://www.bbc.co.uk/news/world-us-canada-55908105</link>
            <guid isPermaLink="true">https://www.bbc.co.uk/news/world-us-canada-55908105</guid>
            <pubDate>Tue, 02 Feb 2021 16:41:41 GMT</pubDate>
        </item>
        <item>
            <title><![CDATA[GameStop: Real Wolf of Wall Street warns 'you could lose it all']]></title>
            <description><![CDATA[Jordan Belfort says amateurs should "take their chips off the table" as shares in the retailer tumble.]]></description>
            <link>https://www.bbc.co.uk/news/business-55902680</link>
            <guid isPermaLink="true">https://www.bbc.co.uk/news/business-55902680</guid>
            <pubDate>Tue, 02 Feb 2021 14:58:18 GMT</pubDate>
        </item>
        <item>
            <title><![CDATA[Which face mask or covering is best to wear?]]></title>
            <description><![CDATA[Germany and Austria have changed their advice about which face covering to wear in public spaces.]]></description>
            <link>https://www.bbc.co.uk/news/health-55877540</link>
            <guid isPermaLink="true">https://www.bbc.co.uk/news/health-55877540</guid>
            <pubDate>Tue, 02 Feb 2021 00:01:14 GMT</pubDate>
        </item>
        <item>
            <title><![CDATA[Who was the Sutton Hoo archaeologist featured in The Dig?]]></title>
            <description><![CDATA[The self-taught excavator Basil Brown unearthed some of the greatest treasures ever found in the UK.]]></description>
            <link>https://www.bbc.co.uk/news/uk-england-suffolk-55877934</link>
            <guid isPermaLink="true">https://www.bbc.co.uk/news/uk-england-suffolk-55877934</guid>
            <pubDate>Tue, 02 Feb 2021 06:12:07 GMT</pubDate>
        </item>
        <item>
            <title><![CDATA[We joined Avon and Somerset Police’s special team dealing with lockdown enforcement]]></title>
            <description><![CDATA[The BBC's June Kelly went out with the police to see how they've been enforcing lockdown rules.]]></description>
            <link>https://www.bbc.co.uk/news/uk-55895734</link>
            <guid isPermaLink="true">https://www.bbc.co.uk/news/uk-55895734</guid>
            <pubDate>Tue, 02 Feb 2021 00:01:20 GMT</pubDate>
        </item>
        <item>
            <title><![CDATA[Brexit: Millions of bees could be 'destroyed' over import rules]]></title>
            <description><![CDATA[Beekeeper Patrick Murfet says the "monumentally stupid situation" could cost him nearly £100,000.]]></description>
            <link>https://www.bbc.co.uk/news/uk-england-kent-55901419</link>
            <guid isPermaLink="true">https://www.bbc.co.uk/news/uk-england-kent-55901419</guid>
            <pubDate>Tue, 02 Feb 2021 11:08:25 GMT</pubDate>
        </item>
        <item>
            <title><![CDATA['I got my Florida school district to convert to electric buses']]></title>
            <description><![CDATA[Holly Thorpe's science fair project measured CO2 levels around school buses and led to the change.]]></description>
            <link>https://www.bbc.co.uk/news/world-us-canada-55861908</link>
            <guid isPermaLink="true">https://www.bbc.co.uk/news/world-us-canada-55861908</guid>
            <pubDate>Mon, 01 Feb 2021 23:29:34 GMT</pubDate>
        </item>
        <item>
            <title><![CDATA[Reece Parkinson: A shock diagnosis won't stop me running]]></title>
            <description><![CDATA[BBC Radio 1Xtra's Reece Parkinson tries to compete in one of the UK’s toughest ultra-marathons.]]></description>
            <link>https://www.bbc.co.uk/news/newsbeat-55864202</link>
            <guid isPermaLink="true">https://www.bbc.co.uk/news/newsbeat-55864202</guid>
            <pubDate>Tue, 02 Feb 2021 03:20:40 GMT</pubDate>
        </item>
        <item>
            <title><![CDATA[Brexit: UK fashion industry warns it faces threat to survival]]></title>
            <description><![CDATA[More than 400 industry figures tell Boris Johnson post-Brexit trade rules risk destroying the sector.]]></description>
            <link>https://www.bbc.co.uk/news/business-55894914</link>
            <guid isPermaLink="true">https://www.bbc.co.uk/news/business-55894914</guid>
            <pubDate>Tue, 02 Feb 2021 05:03:01 GMT</pubDate>
        </item>
        <item>
            <title><![CDATA[Pandemic fashion: 'We went from selling sequins to sweatpants']]></title>
            <description><![CDATA[How two go-to occasion wear brands were able to capture the lockdown retail market in 2020.]]></description>
            <link>https://www.bbc.co.uk/news/newsbeat-55773751</link>
            <guid isPermaLink="true">https://www.bbc.co.uk/news/newsbeat-55773751</guid>
            <pubDate>Tue, 02 Feb 2021 02:36:27 GMT</pubDate>
        </item>
        <item>
            <title><![CDATA[Obituary: Captain Sir Tom Moore, a hero who gave a nation hope]]></title>
            <description><![CDATA[The Army veteran who raised millions for NHS charities during the coronavirus pandemic dies at 100.]]></description>
            <link>https://www.bbc.co.uk/news/uk-52726188</link>
            <guid isPermaLink="true">https://www.bbc.co.uk/news/uk-52726188</guid>
            <pubDate>Tue, 02 Feb 2021 16:45:50 GMT</pubDate>
        </item>
        <item>
            <title><![CDATA[Myanmar coup: What is happening and why?]]></title>
            <description><![CDATA[Myanmar hit headlines around the world on Monday when its military seized control.]]></description>
            <link>https://www.bbc.co.uk/news/world-asia-55902070</link>
            <guid isPermaLink="true">https://www.bbc.co.uk/news/world-asia-55902070</guid>
            <pubDate>Tue, 02 Feb 2021 15:00:44 GMT</pubDate>
        </item>
        <item>
            <title><![CDATA[Covid-19 vaccine: The story of how the EU felt pressure over the jab rollout]]></title>
            <description><![CDATA[The BBC's Ros Atkins explains the events leading up to the EU Commission row over vaccines and the NI border.]]></description>
            <link>https://www.bbc.co.uk/news/world-55904544</link>
            <guid isPermaLink="true">https://www.bbc.co.uk/news/world-55904544</guid>
            <pubDate>Tue, 02 Feb 2021 13:20:59 GMT</pubDate>
        </item>
        <item>
            <title><![CDATA[Wealthy home workers retreat to their sheds]]></title>
            <description><![CDATA[Those who want to put some space between the home and the office are taking the garden path.]]></description>
            <link>https://www.bbc.co.uk/news/business-55845735</link>
            <guid isPermaLink="true">https://www.bbc.co.uk/news/business-55845735</guid>
            <pubDate>Tue, 02 Feb 2021 00:09:19 GMT</pubDate>
        </item>
        <item>
            <title><![CDATA[We're getting self-harming 10-year-olds in A&E]]></title>
            <description><![CDATA[More children are self-harming or taking overdoses, and at younger ages, says doctor John Wright.]]></description>
            <link>https://www.bbc.co.uk/news/health-55864573</link>
            <guid isPermaLink="true">https://www.bbc.co.uk/news/health-55864573</guid>
            <pubDate>Tue, 02 Feb 2021 04:01:23 GMT</pubDate>
        </item>
        <item>
            <title><![CDATA[It's oh-so-quiet? The tale of a cautious transfer deadline day]]></title>
            <description><![CDATA[Just three permanent deals are completed by Premier League clubs on a quiet deadline day as spending in the whole transfer window is at its lowest level since 2012.]]></description>
            <link>https://www.bbc.co.uk/sport/football/55803508</link>
            <guid isPermaLink="true">https://www.bbc.co.uk/sport/football/55803508</guid>
            <pubDate>Tue, 02 Feb 2021 07:21:52 GMT</pubDate>
        </item>
        <item>
            <title><![CDATA[Is Russia targeting CIA spies with secret weapons?]]></title>
            <description><![CDATA[Ex-CIA officer Marc Polymeropoulos believes he was targeted while on a visit to Moscow.]]></description>
            <link>https://www.bbc.co.uk/news/world-europe-55854458</link>
            <guid isPermaLink="true">https://www.bbc.co.uk/news/world-europe-55854458</guid>
            <pubDate>Tue, 02 Feb 2021 00:08:05 GMT</pubDate>
        </item>
        <item>
            <title><![CDATA[The tough little bottles crucial to fighting Covid]]></title>
            <description><![CDATA[Vials made of extremely tough glass are being made by the million to hold Covid vaccines.]]></description>
            <link>https://www.bbc.co.uk/news/business-55808640</link>
            <guid isPermaLink="true">https://www.bbc.co.uk/news/business-55808640</guid>
            <pubDate>Tue, 02 Feb 2021 00:13:50 GMT</pubDate>
        </item>
        <item>
            <title><![CDATA[Nigeria inheritance: 'My brothers took everything when my father died']]></title>
            <description><![CDATA[Women in parts of Nigeria are being left out of their parents' inheritance, despite a law banning discrimination.]]></description>
            <link>https://www.bbc.co.uk/news/world-africa-55675987</link>
            <guid isPermaLink="true">https://www.bbc.co.uk/news/world-africa-55675987</guid>
            <pubDate>Tue, 02 Feb 2021 00:18:58 GMT</pubDate>
        </item>
        <item>
            <title><![CDATA[Myanmar coup: How the military disrupted the internet]]></title>
            <description><![CDATA[As the military took power, internet access was restricted in many parts of the country, but how was it done?]]></description>
            <link>https://www.bbc.co.uk/news/world-asia-55889565</link>
            <guid isPermaLink="true">https://www.bbc.co.uk/news/world-asia-55889565</guid>
            <pubDate>Mon, 01 Feb 2021 16:06:41 GMT</pubDate>
        </item>
        <item>
            <title><![CDATA[Is football's racism battle being lost on social media?]]></title>
            <description><![CDATA[BBC sports editor Dan Roan looks at the challenges facing football in its battle to root out racism from social media.]]></description>
            <link>https://www.bbc.co.uk/sport/football/55887106</link>
            <guid isPermaLink="true">https://www.bbc.co.uk/sport/football/55887106</guid>
            <pubDate>Mon, 01 Feb 2021 12:12:04 GMT</pubDate>
        </item>
        <item>
            <title><![CDATA[Brexit: How much disruption has there been so far?]]></title>
            <description><![CDATA[It has been a month since the rules changed in the UK's relationship with the EU.]]></description>
            <link>https://www.bbc.co.uk/news/55831263</link>
            <guid isPermaLink="true">https://www.bbc.co.uk/news/55831263</guid>
            <pubDate>Mon, 01 Feb 2021 00:09:58 GMT</pubDate>
        </item>
        <item>
            <title><![CDATA[Home workouts: Why you should reconsider your fitness goals this lockdown]]></title>
            <description><![CDATA[If you've found yourself lacking workout motivation this month, you're not alone.]]></description>
            <link>https://www.bbc.co.uk/news/newsbeat-55863691</link>
            <guid isPermaLink="true">https://www.bbc.co.uk/news/newsbeat-55863691</guid>
            <pubDate>Mon, 01 Feb 2021 11:10:11 GMT</pubDate>
        </item>
        <item>
            <title><![CDATA[Elon Musk grills Robinhood boss over GameStop row on Clubhouse]]></title>
            <description><![CDATA[The Tesla and SpaceX boss also spoke about Bitcoin, Mars and brain implants.]]></description>
            <link>https://www.bbc.co.uk/news/technology-55888782</link>
            <guid isPermaLink="true">https://www.bbc.co.uk/news/technology-55888782</guid>
            <pubDate>Mon, 01 Feb 2021 16:26:06 GMT</pubDate>
        </item>
        <item>
            <title><![CDATA[Six Nations to take place after French government approves Covid-19 plan]]></title>
            <description><![CDATA[The 2021 Six Nations will go ahead as planned as France confirms quarantine restrictions will be eased for the tournament.]]></description>
            <link>https://www.bbc.co.uk/sport/rugby-union/55905233</link>
            <guid isPermaLink="true">https://www.bbc.co.uk/sport/rugby-union/55905233</guid>
            <pubDate>Tue, 02 Feb 2021 15:22:34 GMT</pubDate>
        </item>
        <item>
            <title><![CDATA[Australia pull out of South Africa Test tour because of coronavirus concerns]]></title>
            <description><![CDATA[Cricket Australia says it has "no choice" but to withdraw from the three-Test tour of South Africa because of coronavirus concerns.]]></description>
            <link>https://www.bbc.co.uk/sport/cricket/55901970</link>
            <guid isPermaLink="true">https://www.bbc.co.uk/sport/cricket/55901970</guid>
            <pubDate>Tue, 02 Feb 2021 13:03:25 GMT</pubDate>
        </item>
        <item>
            <title><![CDATA[R&A proposals set to restrict DeChambeau's quest to hit ball further]]></title>
            <description><![CDATA[Golf's rule makers are proposing changes to help curb the length professional players can hit the ball off the tee.]]></description>
            <link>https://www.bbc.co.uk/sport/golf/55900119</link>
            <guid isPermaLink="true">https://www.bbc.co.uk/sport/golf/55900119</guid>
            <pubDate>Tue, 02 Feb 2021 14:28:41 GMT</pubDate>
        </item>
        <item>
            <title><![CDATA['Saturday afternoon is no longer an event' - how lockdown football differs across Europe]]></title>
            <description><![CDATA[Watching football has changed significantly over the past year, with the major leagues all taking different approaches to keeping fans engaged.]]></description>
            <link>https://www.bbc.co.uk/sport/football/55710054</link>
            <guid isPermaLink="true">https://www.bbc.co.uk/sport/football/55710054</guid>
            <pubDate>Tue, 02 Feb 2021 12:02:14 GMT</pubDate>
        </item>
        <item>
            <title><![CDATA[Jason Collins: 'No-one else is raising their hand, I’m going to raise mine']]></title>
            <description><![CDATA[Former NBA player Jason Collins tells BBC Sport about coming out while still playing.]]></description>
            <link>https://www.bbc.co.uk/sport/av/basketball/55893051</link>
            <guid isPermaLink="true">https://www.bbc.co.uk/sport/av/basketball/55893051</guid>
            <pubDate>Tue, 02 Feb 2021 06:32:21 GMT</pubDate>
        </item>
        <item>
            <title><![CDATA[Wolves to beat Arsenal and end run? Foo Fighters guitarist Chris Shiflett takes on Lawro]]></title>
            <description><![CDATA[Mark Lawrenson takes on Foo Fighters guitarist and Arsenal fan Chris Shiflett to make predictions for this week's Premier League fixtures.]]></description>
            <link>https://www.bbc.co.uk/sport/football/55880763</link>
            <guid isPermaLink="true">https://www.bbc.co.uk/sport/football/55880763</guid>
            <pubDate>Mon, 01 Feb 2021 19:39:47 GMT</pubDate>
        </item>
        <item>
            <title><![CDATA[Is the Covid vaccine safe?]]></title>
            <description><![CDATA[Busting myths and explaining the facts around vaccines.]]></description>
            <link>https://www.bbc.co.uk/news/health-55056016</link>
            <guid isPermaLink="true">https://www.bbc.co.uk/news/health-55056016</guid>
            <pubDate>Mon, 01 Feb 2021 12:10:09 GMT</pubDate>
        </item>
        <item>
            <title><![CDATA[Covid: How worrying are the UK, South Africa, and Brazil coronavirus variants?]]></title>
            <description><![CDATA[The UK is stepping up testing to find and stop cases from spreading in the community.]]></description>
            <link>https://www.bbc.co.uk/news/health-55659820</link>
            <guid isPermaLink="true">https://www.bbc.co.uk/news/health-55659820</guid>
            <pubDate>Tue, 02 Feb 2021 11:49:49 GMT</pubDate>
        </item>
        <item>
            <title><![CDATA[Covid: How does mass testing work?]]></title>
            <description><![CDATA[The government hopes "surge" testing will reduce transmission of the South African variant of Covid-19.]]></description>
            <link>https://www.bbc.co.uk/news/explainers-54872039</link>
            <guid isPermaLink="true">https://www.bbc.co.uk/news/explainers-54872039</guid>
            <pubDate>Tue, 02 Feb 2021 11:09:11 GMT</pubDate>
        </item>
        <item>
            <title><![CDATA[Covid: How are European countries tackling the pandemic?]]></title>
            <description><![CDATA[What restrictions are being put in place in Europe to control the second wave of coronavirus?]]></description>
            <link>https://www.bbc.co.uk/news/explainers-53640249</link>
            <guid isPermaLink="true">https://www.bbc.co.uk/news/explainers-53640249</guid>
            <pubDate>Mon, 01 Feb 2021 17:00:36 GMT</pubDate>
        </item>
        <item>
            <title><![CDATA[Lockdown Learning: BBC puts school materials on TV, iPlayer and online]]></title>
            <description><![CDATA[As most schools close across the UK, lessons from BBC Bitesize move on to BBC Two and CBBC.]]></description>
            <link>https://www.bbc.co.uk/news/education-55591821</link>
            <guid isPermaLink="true">https://www.bbc.co.uk/news/education-55591821</guid>
            <pubDate>Tue, 12 Jan 2021 10:14:57 GMT</pubDate>
        </item>
        <item>
            <title><![CDATA[What are the UK travel rules and will I have to quarantine in a hotel?]]></title>
            <description><![CDATA[Travellers to England from high risk countries will have to self-isolate in government accommodation.]]></description>
            <link>https://www.bbc.co.uk/news/explainers-52544307</link>
            <guid isPermaLink="true">https://www.bbc.co.uk/news/explainers-52544307</guid>
            <pubDate>Fri, 29 Jan 2021 16:39:36 GMT</pubDate>
        </item>
        <item>
            <title><![CDATA[Coronavirus, schools and children - what are the risks?]]></title>
            <description><![CDATA[How much do children contribute to the spread of Covid?]]></description>
            <link>https://www.bbc.co.uk/news/health-52003804</link>
            <guid isPermaLink="true">https://www.bbc.co.uk/news/health-52003804</guid>
            <pubDate>Mon, 25 Jan 2021 16:44:16 GMT</pubDate>
        </item>
        <item>
            <title><![CDATA[South Africa coronavirus variant: What is the risk?]]></title>
            <description><![CDATA[Why experts are concerned about the emergence of this particular new version of coronavirus.]]></description>
            <link>https://www.bbc.co.uk/news/health-55534727</link>
            <guid isPermaLink="true">https://www.bbc.co.uk/news/health-55534727</guid>
            <pubDate>Mon, 01 Feb 2021 12:06:08 GMT</pubDate>
        </item>
        <item>
            <title><![CDATA[Covid-19 in the UK: How many coronavirus cases are there in your area?]]></title>
            <description><![CDATA[Explore the data on coronavirus in the UK and find out how many cases there are in your area.]]></description>
            <link>https://www.bbc.co.uk/news/uk-51768274</link>
            <guid isPermaLink="true">https://www.bbc.co.uk/news/uk-51768274</guid>
            <pubDate>Mon, 01 Feb 2021 17:25:04 GMT</pubDate>
        </item>
        <item>
            <title><![CDATA[Covid map: Coronavirus cases, deaths, vaccinations by country]]></title>
            <description><![CDATA[Key maps and charts explaining how the virus has spread around the world.]]></description>
            <link>https://www.bbc.co.uk/news/world-51235105</link>
            <guid isPermaLink="true">https://www.bbc.co.uk/news/world-51235105</guid>
            <pubDate>Mon, 01 Feb 2021 12:31:13 GMT</pubDate>
        </item>
        <item>
            <title><![CDATA[Covid vaccine update: Those that work - and the others on the way]]></title>
            <description><![CDATA[As two new jabs prove effective, where do we stand with vaccines and the fight back against Covid?]]></description>
            <link>https://www.bbc.co.uk/news/health-51665497</link>
            <guid isPermaLink="true">https://www.bbc.co.uk/news/health-51665497</guid>
            <pubDate>Tue, 02 Feb 2021 15:10:22 GMT</pubDate>
        </item>
        <item>
            <title><![CDATA[Covid: When will I get the vaccine?]]></title>
            <description><![CDATA[Two of the three approved Covid vaccines are being rolled out across the UK, so when might you get one?]]></description>
            <link>https://www.bbc.co.uk/news/health-55045639</link>
            <guid isPermaLink="true">https://www.bbc.co.uk/news/health-55045639</guid>
            <pubDate>Mon, 01 Feb 2021 09:13:59 GMT</pubDate>
        </item>
        <item>
            <title><![CDATA[Covid symptoms: What are they and how do I protect myself?]]></title>
            <description><![CDATA[A new cough, fever and change in smell or taste are the key symptoms that mean you may have coronavirus.]]></description>
            <link>https://www.bbc.co.uk/news/health-51048366</link>
            <guid isPermaLink="true">https://www.bbc.co.uk/news/health-51048366</guid>
            <pubDate>Thu, 28 Jan 2021 10:06:06 GMT</pubDate>
        </item>
        <item>
            <title><![CDATA[Covid: Can I spread coronavirus after the vaccine and will I get a passport?]]></title>
            <description><![CDATA[The growing number of people vaccinated may have more freedom to work and travel in future.]]></description>
            <link>https://www.bbc.co.uk/news/explainers-55718553</link>
            <guid isPermaLink="true">https://www.bbc.co.uk/news/explainers-55718553</guid>
            <pubDate>Thu, 28 Jan 2021 17:50:05 GMT</pubDate>
        </item>
        <item>
            <title><![CDATA[Covax: How will Covid vaccines be shared with poorer countries?]]></title>
            <description><![CDATA[A scheme to distribute Covid-19 vaccines is under way. Here's what you need to know.]]></description>
            <link>https://www.bbc.co.uk/news/world-55795297</link>
            <guid isPermaLink="true">https://www.bbc.co.uk/news/world-55795297</guid>
            <pubDate>Tue, 26 Jan 2021 11:41:03 GMT</pubDate>
        </item>
        <item>
            <title><![CDATA[Covid: What are the UK's lockdown rules and when will they end?]]></title>
            <description><![CDATA[People across the country have been urged to "double down" and stick to the lockdown rules.]]></description>
            <link>https://www.bbc.co.uk/news/explainers-52530518</link>
            <guid isPermaLink="true">https://www.bbc.co.uk/news/explainers-52530518</guid>
            <pubDate>Fri, 29 Jan 2021 16:45:51 GMT</pubDate>
        </item>
        <item>
            <title><![CDATA[Covid vaccine: How many people in the UK have been vaccinated so far?]]></title>
            <description><![CDATA[The logistics of vaccinating millions of people across the country - and the progress made.]]></description>
            <link>https://www.bbc.co.uk/news/health-55274833</link>
            <guid isPermaLink="true">https://www.bbc.co.uk/news/health-55274833</guid>
            <pubDate>Mon, 01 Feb 2021 17:18:37 GMT</pubDate>
        </item>
        <item>
            <title><![CDATA[Coronavirus: What is the R number and how is it calculated?]]></title>
            <description><![CDATA[The R number is a simple but crucial figure at the heart of lockdown decisions across the UK.]]></description>
            <link>https://www.bbc.co.uk/news/health-52473523</link>
            <guid isPermaLink="true">https://www.bbc.co.uk/news/health-52473523</guid>
            <pubDate>Fri, 29 Jan 2021 17:05:32 GMT</pubDate>
        </item>
        <item>
            <title><![CDATA[Covid: What’s the problem with the EU vaccine rollout?]]></title>
            <description><![CDATA[The coronavirus vaccine is being rolled out across the EU but there have been delays.]]></description>
            <link>https://www.bbc.co.uk/news/explainers-52380823</link>
            <guid isPermaLink="true">https://www.bbc.co.uk/news/explainers-52380823</guid>
            <pubDate>Tue, 02 Feb 2021 16:29:14 GMT</pubDate>
        </item>
        <item>
            <title><![CDATA[Lockdown rules: What are the restrictions in your area?]]></title>
            <description><![CDATA[Use our search tool to find out about coronavirus rules and restrictions where you live.]]></description>
            <link>https://www.bbc.co.uk/news/uk-54373904</link>
            <guid isPermaLink="true">https://www.bbc.co.uk/news/uk-54373904</guid>
            <pubDate>Tue, 02 Feb 2021 16:07:01 GMT</pubDate>
        </item>
        <item>
            <title><![CDATA[Can you get a free laptop or cheaper broadband?]]></title>
            <description><![CDATA[What help is there if you're trying to home-school your children without devices or data?]]></description>
            <link>https://www.bbc.co.uk/news/technology-55721216</link>
            <guid isPermaLink="true">https://www.bbc.co.uk/news/technology-55721216</guid>
            <pubDate>Thu, 28 Jan 2021 12:43:36 GMT</pubDate>
        </item>
        <item>
            <title><![CDATA[Parosmia: 'Since I had Covid, food makes me want to vomit']]></title>
            <description><![CDATA[Many are finding things do not smell right after Covid - and that most foods smell and taste disgusting.]]></description>
            <link>https://www.bbc.co.uk/news/stories-55824567</link>
            <guid isPermaLink="true">https://www.bbc.co.uk/news/stories-55824567</guid>
            <pubDate>Thu, 28 Jan 2021 00:15:32 GMT</pubDate>
        </item>
    </channel>
</rss>