<?xml version="1.0" encoding="UTF-8"?><feed xmlns="http://www.w3.org/2005/Atom" xmlns:media="http://search.yahoo.com/mrss/"><category term="funny" label="r/funny"/><updated>2021-02-02T16:57:03+00:00</updated><icon>https://www.redditstatic.com/icon.png/</icon><id>/r/funny.xml</id><link rel="self" href="https://www.reddit.com/r/funny.xml" type="application/atom+xml" /><link rel="alternate" href="https://www.reddit.com/r/funny" type="text/html" /><logo>https://b.thumbs.redditmedia.com/eiHdZibNXYxvGZxaFzi7LWx6PlVCf3v4tkwoAV97amg.png</logo><subtitle>Welcome to r/Funny, Reddit's largest humour depository.</subtitle><title>funny</title><entry><author><name>/u/funny_mod</name><uri>https://www.reddit.com/user/funny_mod</uri></author><category term="funny" label="r/funny"/><content type="html">&amp;#32; submitted by &amp;#32; &lt;a href=&quot;https://www.reddit.com/user/funny_mod&quot;&gt; /u/funny_mod &lt;/a&gt; &lt;br/&gt; &lt;span&gt;&lt;a href=&quot;https://www.reddit.com/r/Venn/&quot;&gt;[link]&lt;/a&gt;&lt;/span&gt; &amp;#32; &lt;span&gt;&lt;a href=&quot;https://www.reddit.com/r/funny/comments/kqfnmg/subreddit_of_the_month_january_2021_rvenn_know_of/&quot;&gt;[comments]&lt;/a&gt;&lt;/span&gt;</content><id>t3_kqfnmg</id><link href="https://www.reddit.com/r/funny/comments/kqfnmg/subreddit_of_the_month_january_2021_rvenn_know_of/" /><updated>2021-01-04T19:19:29+00:00</updated><title>Subreddit Of The Month [January 2021]: /r/venn/. Know of a small (under 20,000 subscribers) humor-based subreddit that deserves a month in the spotlight? Link it inside!</title></entry><entry><author><name>/u/zenacomics</name><uri>https://www.reddit.com/user/zenacomics</uri></author><category term="funny" label="r/funny"/><content type="html">&lt;table&gt; &lt;tr&gt;&lt;td&gt; &lt;a href=&quot;https://www.reddit.com/r/funny/comments/lautsl/so_productive_oc/&quot;&gt; &lt;img src=&quot;https://b.thumbs.redditmedia.com/GRXgceDEdB7xie3fV-mCZK5Sk-1FJewN3faw9uHuNao.jpg&quot; alt=&quot;So productive [OC]&quot; title=&quot;So productive [OC]&quot; /&gt; &lt;/a&gt; &lt;/td&gt;&lt;td&gt; &amp;#32; submitted by &amp;#32; &lt;a href=&quot;https://www.reddit.com/user/zenacomics&quot;&gt; /u/zenacomics &lt;/a&gt; &lt;br/&gt; &lt;span&gt;&lt;a href=&quot;https://i.redd.it/1kosphw8a2f61.jpg&quot;&gt;[link]&lt;/a&gt;&lt;/span&gt; &amp;#32; &lt;span&gt;&lt;a href=&quot;https://www.reddit.com/r/funny/comments/lautsl/so_productive_oc/&quot;&gt;[comments]&lt;/a&gt;&lt;/span&gt; &lt;/td&gt;&lt;/tr&gt;&lt;/table&gt;</content><id>t3_lautsl</id><media:thumbnail url="https://b.thumbs.redditmedia.com/GRXgceDEdB7xie3fV-mCZK5Sk-1FJewN3faw9uHuNao.jpg" /><link href="https://www.reddit.com/r/funny/comments/lautsl/so_productive_oc/" /><updated>2021-02-02T12:54:09+00:00</updated><title>So productive [OC]</title></entry><entry><author><name>/u/thebigsexy1</name><uri>https://www.reddit.com/user/thebigsexy1</uri></author><category term="funny" label="r/funny"/><content type="html">&lt;table&gt; &lt;tr&gt;&lt;td&gt; &lt;a href=&quot;https://www.reddit.com/r/funny/comments/latx13/every_day_is_groundhog_day_on_reddit/&quot;&gt; &lt;img src=&quot;https://b.thumbs.redditmedia.com/1OuqrV0BiAJvkEBNx7AUDVZyfBQy8mEVo3q88wdn8Wo.jpg&quot; alt=&quot;Every day is Groundhog Day on Reddit&quot; title=&quot;Every day is Groundhog Day on Reddit&quot; /&gt; &lt;/a&gt; &lt;/td&gt;&lt;td&gt; &amp;#32; submitted by &amp;#32; &lt;a href=&quot;https://www.reddit.com/user/thebigsexy1&quot;&gt; /u/thebigsexy1 &lt;/a&gt; &lt;br/&gt; &lt;span&gt;&lt;a href=&quot;http://i.imgur.com/FdDbHDd.gifv&quot;&gt;[link]&lt;/a&gt;&lt;/span&gt; &amp;#32; &lt;span&gt;&lt;a href=&quot;https://www.reddit.com/r/funny/comments/latx13/every_day_is_groundhog_day_on_reddit/&quot;&gt;[comments]&lt;/a&gt;&lt;/span&gt; &lt;/td&gt;&lt;/tr&gt;&lt;/table&gt;</content><id>t3_latx13</id><media:thumbnail url="https://b.thumbs.redditmedia.com/1OuqrV0BiAJvkEBNx7AUDVZyfBQy8mEVo3q88wdn8Wo.jpg" /><link href="https://www.reddit.com/r/funny/comments/latx13/every_day_is_groundhog_day_on_reddit/" /><updated>2021-02-02T11:55:43+00:00</updated><title>Every day is Groundhog Day on Reddit</title></entry><entry><author><name>/u/brotononreddit</name><uri>https://www.reddit.com/user/brotononreddit</uri></author><category term="funny" label="r/funny"/><content type="html">&lt;table&gt; &lt;tr&gt;&lt;td&gt; &lt;a href=&quot;https://www.reddit.com/r/funny/comments/lavkja/groundhog_day_2021/&quot;&gt; &lt;img src=&quot;https://b.thumbs.redditmedia.com/3tWLLVglWDhBsVNDTX_jnU4WKr0OpqoeGVwNoBk4loo.jpg&quot; alt=&quot;Groundhog Day 2021&quot; title=&quot;Groundhog Day 2021&quot; /&gt; &lt;/a&gt; &lt;/td&gt;&lt;td&gt; &amp;#32; submitted by &amp;#32; &lt;a href=&quot;https://www.reddit.com/user/brotononreddit&quot;&gt; /u/brotononreddit &lt;/a&gt; &lt;br/&gt; &lt;span&gt;&lt;a href=&quot;https://i.redd.it/21xrjj3nh2f61.jpg&quot;&gt;[link]&lt;/a&gt;&lt;/span&gt; &amp;#32; &lt;span&gt;&lt;a href=&quot;https://www.reddit.com/r/funny/comments/lavkja/groundhog_day_2021/&quot;&gt;[comments]&lt;/a&gt;&lt;/span&gt; &lt;/td&gt;&lt;/tr&gt;&lt;/table&gt;</content><id>t3_lavkja</id><media:thumbnail url="https://b.thumbs.redditmedia.com/3tWLLVglWDhBsVNDTX_jnU4WKr0OpqoeGVwNoBk4loo.jpg" /><link href="https://www.reddit.com/r/funny/comments/lavkja/groundhog_day_2021/" /><updated>2021-02-02T13:35:20+00:00</updated><title>Groundhog Day 2021</title></entry><entry><author><name>/u/Exclamation_Marc</name><uri>https://www.reddit.com/user/Exclamation_Marc</uri></author><category term="funny" label="r/funny"/><content type="html">&lt;table&gt; &lt;tr&gt;&lt;td&gt; &lt;a href=&quot;https://www.reddit.com/r/funny/comments/lau3ry/sky_cinemas_comedy_channel_schedule_for_today/&quot;&gt; &lt;img src=&quot;https://b.thumbs.redditmedia.com/HxF6N1QG6oIPIeHaDXrgAHQoAcl-HJ6YHFodvJOfo0Y.jpg&quot; alt=&quot;Sky Cinema's Comedy channel schedule for today...&quot; title=&quot;Sky Cinema's Comedy channel schedule for today...&quot; /&gt; &lt;/a&gt; &lt;/td&gt;&lt;td&gt; &amp;#32; submitted by &amp;#32; &lt;a href=&quot;https://www.reddit.com/user/Exclamation_Marc&quot;&gt; /u/Exclamation_Marc &lt;/a&gt; &lt;br/&gt; &lt;span&gt;&lt;a href=&quot;https://i.redd.it/4zv666n022f61.jpg&quot;&gt;[link]&lt;/a&gt;&lt;/span&gt; &amp;#32; &lt;span&gt;&lt;a href=&quot;https://www.reddit.com/r/funny/comments/lau3ry/sky_cinemas_comedy_channel_schedule_for_today/&quot;&gt;[comments]&lt;/a&gt;&lt;/span&gt; &lt;/td&gt;&lt;/tr&gt;&lt;/table&gt;</content><id>t3_lau3ry</id><media:thumbnail url="https://b.thumbs.redditmedia.com/HxF6N1QG6oIPIeHaDXrgAHQoAcl-HJ6YHFodvJOfo0Y.jpg" /><link href="https://www.reddit.com/r/funny/comments/lau3ry/sky_cinemas_comedy_channel_schedule_for_today/" /><updated>2021-02-02T12:07:46+00:00</updated><title>Sky Cinema's Comedy channel schedule for today...</title></entry><entry><author><name>/u/shayan1989</name><uri>https://www.reddit.com/user/shayan1989</uri></author><category term="funny" label="r/funny"/><content type="html">&lt;table&gt; &lt;tr&gt;&lt;td&gt; &lt;a href=&quot;https://www.reddit.com/r/funny/comments/lauuaz/my_best_friendstoo_bad_they_cant_stand_each_other/&quot;&gt; &lt;img src=&quot;https://b.thumbs.redditmedia.com/laHFYmTBWY3dbERrclDBibK0g0YKuhDIOzRFQ6ESuYM.jpg&quot; alt=&quot;My best friends..too bad they can't stand each other&quot; title=&quot;My best friends..too bad they can't stand each other&quot; /&gt; &lt;/a&gt; &lt;/td&gt;&lt;td&gt; &amp;#32; submitted by &amp;#32; &lt;a href=&quot;https://www.reddit.com/user/shayan1989&quot;&gt; /u/shayan1989 &lt;/a&gt; &lt;br/&gt; &lt;span&gt;&lt;a href=&quot;https://i.redd.it/hn8tm93ga2f61.jpg&quot;&gt;[link]&lt;/a&gt;&lt;/span&gt; &amp;#32; &lt;span&gt;&lt;a href=&quot;https://www.reddit.com/r/funny/comments/lauuaz/my_best_friendstoo_bad_they_cant_stand_each_other/&quot;&gt;[comments]&lt;/a&gt;&lt;/span&gt; &lt;/td&gt;&lt;/tr&gt;&lt;/table&gt;</content><id>t3_lauuaz</id><media:thumbnail url="https://b.thumbs.redditmedia.com/laHFYmTBWY3dbERrclDBibK0g0YKuhDIOzRFQ6ESuYM.jpg" /><link href="https://www.reddit.com/r/funny/comments/lauuaz/my_best_friendstoo_bad_they_cant_stand_each_other/" /><updated>2021-02-02T12:55:01+00:00</updated><title>My best friends..too bad they can't stand each other</title></entry><entry><author><name>/u/public_0pini0n</name><uri>https://www.reddit.com/user/public_0pini0n</uri></author><category term="funny" label="r/funny"/><content type="html">&lt;table&gt; &lt;tr&gt;&lt;td&gt; &lt;a href=&quot;https://www.reddit.com/r/funny/comments/laoplr/in_case_you_dont_know_this_is_my_pe_teacher/&quot;&gt; &lt;img src=&quot;https://a.thumbs.redditmedia.com/9cVG4BVF0y7KJIvUvgBK_9mSyKugO3uCFmfZY-CkqY8.jpg&quot; alt=&quot;In case you don't know, this is my PE teacher😝&quot; title=&quot;In case you don't know, this is my PE teacher😝&quot; /&gt; &lt;/a&gt; &lt;/td&gt;&lt;td&gt; &amp;#32; submitted by &amp;#32; &lt;a href=&quot;https://www.reddit.com/user/public_0pini0n&quot;&gt; /u/public_0pini0n &lt;/a&gt; &lt;br/&gt; &lt;span&gt;&lt;a href=&quot;https://v.redd.it/awxi33fr50f61&quot;&gt;[link]&lt;/a&gt;&lt;/span&gt; &amp;#32; &lt;span&gt;&lt;a href=&quot;https://www.reddit.com/r/funny/comments/laoplr/in_case_you_dont_know_this_is_my_pe_teacher/&quot;&gt;[comments]&lt;/a&gt;&lt;/span&gt; &lt;/td&gt;&lt;/tr&gt;&lt;/table&gt;</content><id>t3_laoplr</id><media:thumbnail url="https://a.thumbs.redditmedia.com/9cVG4BVF0y7KJIvUvgBK_9mSyKugO3uCFmfZY-CkqY8.jpg" /><link href="https://www.reddit.com/r/funny/comments/laoplr/in_case_you_dont_know_this_is_my_pe_teacher/" /><updated>2021-02-02T05:45:26+00:00</updated><title>In case you don't know, this is my PE teacher😝</title></entry><entry><author><name>/u/completelyy</name><uri>https://www.reddit.com/user/completelyy</uri></author><category term="funny" label="r/funny"/><content type="html">&lt;table&gt; &lt;tr&gt;&lt;td&gt; &lt;a href=&quot;https://www.reddit.com/r/funny/comments/lar9lr/this_actually_looks_kinda_fun/&quot;&gt; &lt;img src=&quot;https://b.thumbs.redditmedia.com/MSyLpL1fuNUGPa9sFoHE6QlgIFJ0ZZvKmhlSCaCyhRY.jpg&quot; alt=&quot;This actually looks kinda fun&quot; title=&quot;This actually looks kinda fun&quot; /&gt; &lt;/a&gt; &lt;/td&gt;&lt;td&gt; &amp;#32; submitted by &amp;#32; &lt;a href=&quot;https://www.reddit.com/user/completelyy&quot;&gt; /u/completelyy &lt;/a&gt; &lt;br/&gt; &lt;span&gt;&lt;a href=&quot;https://v.redd.it/lwnmcpac11f61&quot;&gt;[link]&lt;/a&gt;&lt;/span&gt; &amp;#32; &lt;span&gt;&lt;a href=&quot;https://www.reddit.com/r/funny/comments/lar9lr/this_actually_looks_kinda_fun/&quot;&gt;[comments]&lt;/a&gt;&lt;/span&gt; &lt;/td&gt;&lt;/tr&gt;&lt;/table&gt;</content><id>t3_lar9lr</id><media:thumbnail url="https://b.thumbs.redditmedia.com/MSyLpL1fuNUGPa9sFoHE6QlgIFJ0ZZvKmhlSCaCyhRY.jpg" /><link href="https://www.reddit.com/r/funny/comments/lar9lr/this_actually_looks_kinda_fun/" /><updated>2021-02-02T08:43:30+00:00</updated><title>This actually looks kinda fun</title></entry><entry><author><name>/u/mikeyc2383</name><uri>https://www.reddit.com/user/mikeyc2383</uri></author><category term="funny" label="r/funny"/><content type="html">&lt;table&gt; &lt;tr&gt;&lt;td&gt; &lt;a href=&quot;https://www.reddit.com/r/funny/comments/lav35n/persistent_hedgehog_pepper_is_back_to_take_a_stab/&quot;&gt; &lt;img src=&quot;https://b.thumbs.redditmedia.com/fZv_fBec0DoG3T5qyEUj3JGvkNk42DMl_-ikMOngZeA.jpg&quot; alt=&quot;Persistent hedgehog Pepper is back to take a stab at her 5th American Hedgehog Warrior obstacle course...with commentary 🔊&quot; title=&quot;Persistent hedgehog Pepper is back to take a stab at her 5th American Hedgehog Warrior obstacle course...with commentary 🔊&quot; /&gt; &lt;/a&gt; &lt;/td&gt;&lt;td&gt; &amp;#32; submitted by &amp;#32; &lt;a href=&quot;https://www.reddit.com/user/mikeyc2383&quot;&gt; /u/mikeyc2383 &lt;/a&gt; &lt;br/&gt; &lt;span&gt;&lt;a href=&quot;https://v.redd.it/2fcza8yxb2f61&quot;&gt;[link]&lt;/a&gt;&lt;/span&gt; &amp;#32; &lt;span&gt;&lt;a href=&quot;https://www.reddit.com/r/funny/comments/lav35n/persistent_hedgehog_pepper_is_back_to_take_a_stab/&quot;&gt;[comments]&lt;/a&gt;&lt;/span&gt; &lt;/td&gt;&lt;/tr&gt;&lt;/table&gt;</content><id>t3_lav35n</id><media:thumbnail url="https://b.thumbs.redditmedia.com/fZv_fBec0DoG3T5qyEUj3JGvkNk42DMl_-ikMOngZeA.jpg" /><link href="https://www.reddit.com/r/funny/comments/lav35n/persistent_hedgehog_pepper_is_back_to_take_a_stab/" /><updated>2021-02-02T13:08:44+00:00</updated><title>Persistent hedgehog Pepper is back to take a stab at her 5th American Hedgehog Warrior obstacle course...with commentary 🔊</title></entry><entry><author><name>/u/SigmaStun</name><uri>https://www.reddit.com/user/SigmaStun</uri></author><category term="funny" label="r/funny"/><content type="html">&lt;table&gt; &lt;tr&gt;&lt;td&gt; &lt;a href=&quot;https://www.reddit.com/r/funny/comments/law4wm/inspiring/&quot;&gt; &lt;img src=&quot;https://a.thumbs.redditmedia.com/4ELFLF3VFV3QG8urdmeL0_LT8YESeixcVza-FnNRsn8.jpg&quot; alt=&quot;Inspiring&quot; title=&quot;Inspiring&quot; /&gt; &lt;/a&gt; &lt;/td&gt;&lt;td&gt; &amp;#32; submitted by &amp;#32; &lt;a href=&quot;https://www.reddit.com/user/SigmaStun&quot;&gt; /u/SigmaStun &lt;/a&gt; &lt;br/&gt; &lt;span&gt;&lt;a href=&quot;https://i.redd.it/uvj0owiqm2f61.jpg&quot;&gt;[link]&lt;/a&gt;&lt;/span&gt; &amp;#32; &lt;span&gt;&lt;a href=&quot;https://www.reddit.com/r/funny/comments/law4wm/inspiring/&quot;&gt;[comments]&lt;/a&gt;&lt;/span&gt; &lt;/td&gt;&lt;/tr&gt;&lt;/table&gt;</content><id>t3_law4wm</id><media:thumbnail url="https://a.thumbs.redditmedia.com/4ELFLF3VFV3QG8urdmeL0_LT8YESeixcVza-FnNRsn8.jpg" /><link href="https://www.reddit.com/r/funny/comments/law4wm/inspiring/" /><updated>2021-02-02T14:03:54+00:00</updated><title>Inspiring</title></entry><entry><author><name>/u/-Kerosun-</name><uri>https://www.reddit.com/user/-Kerosun-</uri></author><category term="funny" label="r/funny"/><content type="html">&lt;table&gt; &lt;tr&gt;&lt;td&gt; &lt;a href=&quot;https://www.reddit.com/r/funny/comments/lanhx7/its_all_about_perspective/&quot;&gt; &lt;img src=&quot;https://b.thumbs.redditmedia.com/dZ5UuM9ULVNbGrblk5hS-HAO_0N6RkoVg4y4jDfmYHM.jpg&quot; alt=&quot;It's all about perspective...&quot; title=&quot;It's all about perspective...&quot; /&gt; &lt;/a&gt; &lt;/td&gt;&lt;td&gt; &amp;#32; submitted by &amp;#32; &lt;a href=&quot;https://www.reddit.com/user/-Kerosun-&quot;&gt; /u/-Kerosun- &lt;/a&gt; &lt;br/&gt; &lt;span&gt;&lt;a href=&quot;https://i.redd.it/h4xrxm91tze61.jpg&quot;&gt;[link]&lt;/a&gt;&lt;/span&gt; &amp;#32; &lt;span&gt;&lt;a href=&quot;https://www.reddit.com/r/funny/comments/lanhx7/its_all_about_perspective/&quot;&gt;[comments]&lt;/a&gt;&lt;/span&gt; &lt;/td&gt;&lt;/tr&gt;&lt;/table&gt;</content><id>t3_lanhx7</id><media:thumbnail url="https://b.thumbs.redditmedia.com/dZ5UuM9ULVNbGrblk5hS-HAO_0N6RkoVg4y4jDfmYHM.jpg" /><link href="https://www.reddit.com/r/funny/comments/lanhx7/its_all_about_perspective/" /><updated>2021-02-02T04:34:21+00:00</updated><title>It's all about perspective...</title></entry><entry><author><name>/u/SG14ever</name><uri>https://www.reddit.com/user/SG14ever</uri></author><category term="funny" label="r/funny"/><content type="html">&lt;table&gt; &lt;tr&gt;&lt;td&gt; &lt;a href=&quot;https://www.reddit.com/r/funny/comments/lahwpo/whittling_knife_came_with_three_bandages/&quot;&gt; &lt;img src=&quot;https://b.thumbs.redditmedia.com/NLRjuDWuWmd3bdS6TLvwuogrtj9NeaP0Y4M94RJcFZU.jpg&quot; alt=&quot;Whittling knife came with three bandages...&quot; title=&quot;Whittling knife came with three bandages...&quot; /&gt; &lt;/a&gt; &lt;/td&gt;&lt;td&gt; &amp;#32; submitted by &amp;#32; &lt;a href=&quot;https://www.reddit.com/user/SG14ever&quot;&gt; /u/SG14ever &lt;/a&gt; &lt;br/&gt; &lt;span&gt;&lt;a href=&quot;https://imgur.com/3hbk0o2.jpg&quot;&gt;[link]&lt;/a&gt;&lt;/span&gt; &amp;#32; &lt;span&gt;&lt;a href=&quot;https://www.reddit.com/r/funny/comments/lahwpo/whittling_knife_came_with_three_bandages/&quot;&gt;[comments]&lt;/a&gt;&lt;/span&gt; &lt;/td&gt;&lt;/tr&gt;&lt;/table&gt;</content><id>t3_lahwpo</id><media:thumbnail url="https://b.thumbs.redditmedia.com/NLRjuDWuWmd3bdS6TLvwuogrtj9NeaP0Y4M94RJcFZU.jpg" /><link href="https://www.reddit.com/r/funny/comments/lahwpo/whittling_knife_came_with_three_bandages/" /><updated>2021-02-01T23:47:04+00:00</updated><title>Whittling knife came with three bandages...</title></entry><entry><author><name>/u/matts41</name><uri>https://www.reddit.com/user/matts41</uri></author><category term="funny" label="r/funny"/><content type="html">&lt;table&gt; &lt;tr&gt;&lt;td&gt; &lt;a href=&quot;https://www.reddit.com/r/funny/comments/lahhzx/february/&quot;&gt; &lt;img src=&quot;https://b.thumbs.redditmedia.com/mx3Ll_pBXwHwt79QBxAr4r4ZhHEqHcX9hneP_YjMk7M.jpg&quot; alt=&quot;February&quot; title=&quot;February&quot; /&gt; &lt;/a&gt; &lt;/td&gt;&lt;td&gt; &amp;#32; submitted by &amp;#32; &lt;a href=&quot;https://www.reddit.com/user/matts41&quot;&gt; /u/matts41 &lt;/a&gt; &lt;br/&gt; &lt;span&gt;&lt;a href=&quot;https://i.redd.it/md94ck2haye61.png&quot;&gt;[link]&lt;/a&gt;&lt;/span&gt; &amp;#32; &lt;span&gt;&lt;a href=&quot;https://www.reddit.com/r/funny/comments/lahhzx/february/&quot;&gt;[comments]&lt;/a&gt;&lt;/span&gt; &lt;/td&gt;&lt;/tr&gt;&lt;/table&gt;</content><id>t3_lahhzx</id><media:thumbnail url="https://b.thumbs.redditmedia.com/mx3Ll_pBXwHwt79QBxAr4r4ZhHEqHcX9hneP_YjMk7M.jpg" /><link href="https://www.reddit.com/r/funny/comments/lahhzx/february/" /><updated>2021-02-01T23:28:09+00:00</updated><title>February</title></entry><entry><author><name>/u/elohcin0</name><uri>https://www.reddit.com/user/elohcin0</uri></author><category term="funny" label="r/funny"/><content type="html">&amp;#32; submitted by &amp;#32; &lt;a href=&quot;https://www.reddit.com/user/elohcin0&quot;&gt; /u/elohcin0 &lt;/a&gt; &lt;br/&gt; &lt;span&gt;&lt;a href=&quot;https://i.redd.it/3id219albze61.jpg&quot;&gt;[link]&lt;/a&gt;&lt;/span&gt; &amp;#32; &lt;span&gt;&lt;a href=&quot;https://www.reddit.com/r/funny/comments/lalpm1/just_getting_her_moneys_worth/&quot;&gt;[comments]&lt;/a&gt;&lt;/span&gt;</content><id>t3_lalpm1</id><link href="https://www.reddit.com/r/funny/comments/lalpm1/just_getting_her_moneys_worth/" /><updated>2021-02-02T02:56:04+00:00</updated><title>Just getting her moneys worth</title></entry><entry><author><name>/u/SrGrafo</name><uri>https://www.reddit.com/user/SrGrafo</uri></author><category term="funny" label="r/funny"/><content type="html">&lt;table&gt; &lt;tr&gt;&lt;td&gt; &lt;a href=&quot;https://www.reddit.com/r/funny/comments/lacl8o/i_get_it_now_i_think/&quot;&gt; &lt;img src=&quot;https://b.thumbs.redditmedia.com/AHTDVhLTJoayp_OKPD5kaJZvxaQdaduU9JJtfZSMtLc.jpg&quot; alt=&quot;I get it now... I think&quot; title=&quot;I get it now... I think&quot; /&gt; &lt;/a&gt; &lt;/td&gt;&lt;td&gt; &amp;#32; submitted by &amp;#32; &lt;a href=&quot;https://www.reddit.com/user/SrGrafo&quot;&gt; /u/SrGrafo &lt;/a&gt; &lt;br/&gt; &lt;span&gt;&lt;a href=&quot;https://i.redd.it/x2bs4d8f6xe61.jpg&quot;&gt;[link]&lt;/a&gt;&lt;/span&gt; &amp;#32; &lt;span&gt;&lt;a href=&quot;https://www.reddit.com/r/funny/comments/lacl8o/i_get_it_now_i_think/&quot;&gt;[comments]&lt;/a&gt;&lt;/span&gt; &lt;/td&gt;&lt;/tr&gt;&lt;/table&gt;</content><id>t3_lacl8o</id><media:thumbnail url="https://b.thumbs.redditmedia.com/AHTDVhLTJoayp_OKPD5kaJZvxaQdaduU9JJtfZSMtLc.jpg" /><link href="https://www.reddit.com/r/funny/comments/lacl8o/i_get_it_now_i_think/" /><updated>2021-02-01T20:03:58+00:00</updated><title>I get it now... I think</title></entry><entry><author><name>/u/-The-Goat</name><uri>https://www.reddit.com/user/-The-Goat</uri></author><category term="funny" label="r/funny"/><content type="html">&lt;table&gt; &lt;tr&gt;&lt;td&gt; &lt;a href=&quot;https://www.reddit.com/r/funny/comments/lacyly/p_a_m_a_r_a_m_a/&quot;&gt; &lt;img src=&quot;https://b.thumbs.redditmedia.com/YrdlsfCJR0bsncz--GJP_wjrdOnYOPQSOBoic7lYM9c.jpg&quot; alt=&quot;P A M A R A M A&quot; title=&quot;P A M A R A M A&quot; /&gt; &lt;/a&gt; &lt;/td&gt;&lt;td&gt; &amp;#32; submitted by &amp;#32; &lt;a href=&quot;https://www.reddit.com/user/-The-Goat&quot;&gt; /u/-The-Goat &lt;/a&gt; &lt;br/&gt; &lt;span&gt;&lt;a href=&quot;https://v.redd.it/8jgvaasqcxe61&quot;&gt;[link]&lt;/a&gt;&lt;/span&gt; &amp;#32; &lt;span&gt;&lt;a href=&quot;https://www.reddit.com/r/funny/comments/lacyly/p_a_m_a_r_a_m_a/&quot;&gt;[comments]&lt;/a&gt;&lt;/span&gt; &lt;/td&gt;&lt;/tr&gt;&lt;/table&gt;</content><id>t3_lacyly</id><media:thumbnail url="https://b.thumbs.redditmedia.com/YrdlsfCJR0bsncz--GJP_wjrdOnYOPQSOBoic7lYM9c.jpg" /><link href="https://www.reddit.com/r/funny/comments/lacyly/p_a_m_a_r_a_m_a/" /><updated>2021-02-01T20:19:07+00:00</updated><title>P A M A R A M A</title></entry><entry><author><name>/u/DePatman</name><uri>https://www.reddit.com/user/DePatman</uri></author><category term="funny" label="r/funny"/><content type="html">&lt;table&gt; &lt;tr&gt;&lt;td&gt; &lt;a href=&quot;https://www.reddit.com/r/funny/comments/lah1n3/brand_who_shall_not_be_named/&quot;&gt; &lt;img src=&quot;https://a.thumbs.redditmedia.com/DoDVyQchK69ZobmxKUzABifOGMF7jZngUTlmm5maW44.jpg&quot; alt=&quot;Brand who shall not be named&quot; title=&quot;Brand who shall not be named&quot; /&gt; &lt;/a&gt; &lt;/td&gt;&lt;td&gt; &amp;#32; submitted by &amp;#32; &lt;a href=&quot;https://www.reddit.com/user/DePatman&quot;&gt; /u/DePatman &lt;/a&gt; &lt;br/&gt; &lt;span&gt;&lt;a href=&quot;https://i.redd.it/fe81x3js6ye61.jpg&quot;&gt;[link]&lt;/a&gt;&lt;/span&gt; &amp;#32; &lt;span&gt;&lt;a href=&quot;https://www.reddit.com/r/funny/comments/lah1n3/brand_who_shall_not_be_named/&quot;&gt;[comments]&lt;/a&gt;&lt;/span&gt; &lt;/td&gt;&lt;/tr&gt;&lt;/table&gt;</content><id>t3_lah1n3</id><media:thumbnail url="https://a.thumbs.redditmedia.com/DoDVyQchK69ZobmxKUzABifOGMF7jZngUTlmm5maW44.jpg" /><link href="https://www.reddit.com/r/funny/comments/lah1n3/brand_who_shall_not_be_named/" /><updated>2021-02-01T23:07:50+00:00</updated><title>Brand who shall not be named</title></entry><entry><author><name>/u/ghostefan561</name><uri>https://www.reddit.com/user/ghostefan561</uri></author><category term="funny" label="r/funny"/><content type="html">&lt;table&gt; &lt;tr&gt;&lt;td&gt; &lt;a href=&quot;https://www.reddit.com/r/funny/comments/latfwf/i_swear_underground_rappers_have_the_best_titles/&quot;&gt; &lt;img src=&quot;https://a.thumbs.redditmedia.com/zpOCsQl98bTGsJdyNsaKxOPI37ftLeLYh99OJjK_g20.jpg&quot; alt=&quot;i swear underground rappers have the best titles&quot; title=&quot;i swear underground rappers have the best titles&quot; /&gt; &lt;/a&gt; &lt;/td&gt;&lt;td&gt; &amp;#32; submitted by &amp;#32; &lt;a href=&quot;https://www.reddit.com/user/ghostefan561&quot;&gt; /u/ghostefan561 &lt;/a&gt; &lt;br/&gt; &lt;span&gt;&lt;a href=&quot;https://i.redd.it/zd86uhlxt1f61.png&quot;&gt;[link]&lt;/a&gt;&lt;/span&gt; &amp;#32; &lt;span&gt;&lt;a href=&quot;https://www.reddit.com/r/funny/comments/latfwf/i_swear_underground_rappers_have_the_best_titles/&quot;&gt;[comments]&lt;/a&gt;&lt;/span&gt; &lt;/td&gt;&lt;/tr&gt;&lt;/table&gt;</content><id>t3_latfwf</id><media:thumbnail url="https://a.thumbs.redditmedia.com/zpOCsQl98bTGsJdyNsaKxOPI37ftLeLYh99OJjK_g20.jpg" /><link href="https://www.reddit.com/r/funny/comments/latfwf/i_swear_underground_rappers_have_the_best_titles/" /><updated>2021-02-02T11:22:38+00:00</updated><title>i swear underground rappers have the best titles</title></entry><entry><author><name>/u/firstalphabet</name><uri>https://www.reddit.com/user/firstalphabet</uri></author><category term="funny" label="r/funny"/><content type="html">&lt;table&gt; &lt;tr&gt;&lt;td&gt; &lt;a href=&quot;https://www.reddit.com/r/funny/comments/lat4yc/no_way_you_can_have_my_password/&quot;&gt; &lt;img src=&quot;https://b.thumbs.redditmedia.com/IffK5jh7ZVijR1cKfnwnkgQhrcMUYaGEFbCb0vxJQSQ.jpg&quot; alt=&quot;No way you can have my password.&quot; title=&quot;No way you can have my password.&quot; /&gt; &lt;/a&gt; &lt;/td&gt;&lt;td&gt; &amp;#32; submitted by &amp;#32; &lt;a href=&quot;https://www.reddit.com/user/firstalphabet&quot;&gt; /u/firstalphabet &lt;/a&gt; &lt;br/&gt; &lt;span&gt;&lt;a href=&quot;https://v.redd.it/n65req63q1f61&quot;&gt;[link]&lt;/a&gt;&lt;/span&gt; &amp;#32; &lt;span&gt;&lt;a href=&quot;https://www.reddit.com/r/funny/comments/lat4yc/no_way_you_can_have_my_password/&quot;&gt;[comments]&lt;/a&gt;&lt;/span&gt; &lt;/td&gt;&lt;/tr&gt;&lt;/table&gt;</content><id>t3_lat4yc</id><media:thumbnail url="https://b.thumbs.redditmedia.com/IffK5jh7ZVijR1cKfnwnkgQhrcMUYaGEFbCb0vxJQSQ.jpg" /><link href="https://www.reddit.com/r/funny/comments/lat4yc/no_way_you_can_have_my_password/" /><updated>2021-02-02T11:01:46+00:00</updated><title>No way you can have my password.</title></entry><entry><author><name>/u/kd_winkies</name><uri>https://www.reddit.com/user/kd_winkies</uri></author><category term="funny" label="r/funny"/><content type="html">&lt;table&gt; &lt;tr&gt;&lt;td&gt; &lt;a href=&quot;https://www.reddit.com/r/funny/comments/laiil1/its_the_ears_for_me/&quot;&gt; &lt;img src=&quot;https://b.thumbs.redditmedia.com/36O2yVQXVKJvAFtiAHpk1lldPCAccPZ_p8aNr9vGYrI.jpg&quot; alt=&quot;It’s the ears for me&quot; title=&quot;It’s the ears for me&quot; /&gt; &lt;/a&gt; &lt;/td&gt;&lt;td&gt; &amp;#32; submitted by &amp;#32; &lt;a href=&quot;https://www.reddit.com/user/kd_winkies&quot;&gt; /u/kd_winkies &lt;/a&gt; &lt;br/&gt; &lt;span&gt;&lt;a href=&quot;https://i.redd.it/cg3cvh4xiye61.jpg&quot;&gt;[link]&lt;/a&gt;&lt;/span&gt; &amp;#32; &lt;span&gt;&lt;a href=&quot;https://www.reddit.com/r/funny/comments/laiil1/its_the_ears_for_me/&quot;&gt;[comments]&lt;/a&gt;&lt;/span&gt; &lt;/td&gt;&lt;/tr&gt;&lt;/table&gt;</content><id>t3_laiil1</id><media:thumbnail url="https://b.thumbs.redditmedia.com/36O2yVQXVKJvAFtiAHpk1lldPCAccPZ_p8aNr9vGYrI.jpg" /><link href="https://www.reddit.com/r/funny/comments/laiil1/its_the_ears_for_me/" /><updated>2021-02-02T00:15:22+00:00</updated><title>It’s the ears for me</title></entry><entry><author><name>/u/Lina____</name><uri>https://www.reddit.com/user/Lina____</uri></author><category term="funny" label="r/funny"/><content type="html">&lt;table&gt; &lt;tr&gt;&lt;td&gt; &lt;a href=&quot;https://www.reddit.com/r/funny/comments/lay66l/meditation_cat/&quot;&gt; &lt;img src=&quot;https://b.thumbs.redditmedia.com/QHUZaYrGydMNaa6n6lglIuJMdbm5-p74W3N4RZEooXA.jpg&quot; alt=&quot;Meditation Cat&quot; title=&quot;Meditation Cat&quot; /&gt; &lt;/a&gt; &lt;/td&gt;&lt;td&gt; &amp;#32; submitted by &amp;#32; &lt;a href=&quot;https://www.reddit.com/user/Lina____&quot;&gt; /u/Lina____ &lt;/a&gt; &lt;br/&gt; &lt;span&gt;&lt;a href=&quot;https://v.redd.it/91vxhr6s13f61&quot;&gt;[link]&lt;/a&gt;&lt;/span&gt; &amp;#32; &lt;span&gt;&lt;a href=&quot;https://www.reddit.com/r/funny/comments/lay66l/meditation_cat/&quot;&gt;[comments]&lt;/a&gt;&lt;/span&gt; &lt;/td&gt;&lt;/tr&gt;&lt;/table&gt;</content><id>t3_lay66l</id><media:thumbnail url="https://b.thumbs.redditmedia.com/QHUZaYrGydMNaa6n6lglIuJMdbm5-p74W3N4RZEooXA.jpg" /><link href="https://www.reddit.com/r/funny/comments/lay66l/meditation_cat/" /><updated>2021-02-02T15:28:18+00:00</updated><title>Meditation Cat</title></entry><entry><author><name>/u/Piromysl</name><uri>https://www.reddit.com/user/Piromysl</uri></author><category term="funny" label="r/funny"/><content type="html">&lt;table&gt; &lt;tr&gt;&lt;td&gt; &lt;a href=&quot;https://www.reddit.com/r/funny/comments/lawf0b/road_ballet/&quot;&gt; &lt;img src=&quot;https://b.thumbs.redditmedia.com/uToWOv77VjBOp5xFZXPArSVabrgMIpSp8_9QwMrt58o.jpg&quot; alt=&quot;Road ballet&quot; title=&quot;Road ballet&quot; /&gt; &lt;/a&gt; &lt;/td&gt;&lt;td&gt; &amp;#32; submitted by &amp;#32; &lt;a href=&quot;https://www.reddit.com/user/Piromysl&quot;&gt; /u/Piromysl &lt;/a&gt; &lt;br/&gt; &lt;span&gt;&lt;a href=&quot;https://v.redd.it/qwqi11lyo2f61&quot;&gt;[link]&lt;/a&gt;&lt;/span&gt; &amp;#32; &lt;span&gt;&lt;a href=&quot;https://www.reddit.com/r/funny/comments/lawf0b/road_ballet/&quot;&gt;[comments]&lt;/a&gt;&lt;/span&gt; &lt;/td&gt;&lt;/tr&gt;&lt;/table&gt;</content><id>t3_lawf0b</id><media:thumbnail url="https://b.thumbs.redditmedia.com/uToWOv77VjBOp5xFZXPArSVabrgMIpSp8_9QwMrt58o.jpg" /><link href="https://www.reddit.com/r/funny/comments/lawf0b/road_ballet/" /><updated>2021-02-02T14:17:00+00:00</updated><title>Road ballet</title></entry><entry><author><name>/u/_KingScar</name><uri>https://www.reddit.com/user/_KingScar</uri></author><category term="funny" label="r/funny"/><content type="html">&lt;table&gt; &lt;tr&gt;&lt;td&gt; &lt;a href=&quot;https://www.reddit.com/r/funny/comments/lawx75/the_jig_is_up/&quot;&gt; &lt;img src=&quot;https://b.thumbs.redditmedia.com/vgFF-zcp9b2WpSRNEdCf6Wzadvw-boxi7iTZg34ZvEE.jpg&quot; alt=&quot;The Jig Is Up!&quot; title=&quot;The Jig Is Up!&quot; /&gt; &lt;/a&gt; &lt;/td&gt;&lt;td&gt; &amp;#32; submitted by &amp;#32; &lt;a href=&quot;https://www.reddit.com/user/_KingScar&quot;&gt; /u/_KingScar &lt;/a&gt; &lt;br/&gt; &lt;span&gt;&lt;a href=&quot;https://i.redd.it/a3xtyxzys2f61.jpg&quot;&gt;[link]&lt;/a&gt;&lt;/span&gt; &amp;#32; &lt;span&gt;&lt;a href=&quot;https://www.reddit.com/r/funny/comments/lawx75/the_jig_is_up/&quot;&gt;[comments]&lt;/a&gt;&lt;/span&gt; &lt;/td&gt;&lt;/tr&gt;&lt;/table&gt;</content><id>t3_lawx75</id><media:thumbnail url="https://b.thumbs.redditmedia.com/vgFF-zcp9b2WpSRNEdCf6Wzadvw-boxi7iTZg34ZvEE.jpg" /><link href="https://www.reddit.com/r/funny/comments/lawx75/the_jig_is_up/" /><updated>2021-02-02T14:38:52+00:00</updated><title>The Jig Is Up!</title></entry><entry><author><name>/u/mikeyc2383</name><uri>https://www.reddit.com/user/mikeyc2383</uri></author><category term="funny" label="r/funny"/><content type="html">&lt;table&gt; &lt;tr&gt;&lt;td&gt; &lt;a href=&quot;https://www.reddit.com/r/funny/comments/la5vxe/a_cute_hedgehog_named_pepper_completes_her_third/&quot;&gt; &lt;img src=&quot;https://b.thumbs.redditmedia.com/evmFhUT4gt2A8v_JBf8sGmDey1-QorBoifQ4qCAMYyk.jpg&quot; alt=&quot;A cute hedgehog named Pepper completes her third American Hedgehog Warrior obstacle course&quot; title=&quot;A cute hedgehog named Pepper completes her third American Hedgehog Warrior obstacle course&quot; /&gt; &lt;/a&gt; &lt;/td&gt;&lt;td&gt; &amp;#32; submitted by &amp;#32; &lt;a href=&quot;https://www.reddit.com/user/mikeyc2383&quot;&gt; /u/mikeyc2383 &lt;/a&gt; &lt;br/&gt; &lt;span&gt;&lt;a href=&quot;https://v.redd.it/jpbcqb8lwve61&quot;&gt;[link]&lt;/a&gt;&lt;/span&gt; &amp;#32; &lt;span&gt;&lt;a href=&quot;https://www.reddit.com/r/funny/comments/la5vxe/a_cute_hedgehog_named_pepper_completes_her_third/&quot;&gt;[comments]&lt;/a&gt;&lt;/span&gt; &lt;/td&gt;&lt;/tr&gt;&lt;/table&gt;</content><id>t3_la5vxe</id><media:thumbnail url="https://b.thumbs.redditmedia.com/evmFhUT4gt2A8v_JBf8sGmDey1-QorBoifQ4qCAMYyk.jpg" /><link href="https://www.reddit.com/r/funny/comments/la5vxe/a_cute_hedgehog_named_pepper_completes_her_third/" /><updated>2021-02-01T15:37:55+00:00</updated><title>A cute hedgehog named Pepper completes her third American Hedgehog Warrior obstacle course</title></entry><entry><author><name>/u/Eye_Juice</name><uri>https://www.reddit.com/user/Eye_Juice</uri></author><category term="funny" label="r/funny"/><content type="html">&lt;table&gt; &lt;tr&gt;&lt;td&gt; &lt;a href=&quot;https://www.reddit.com/r/funny/comments/lasqpz/island_guy/&quot;&gt; &lt;img src=&quot;https://a.thumbs.redditmedia.com/ndyZhx0eV7WM1FuttwVYiA7i-ffrnm6xk8g3WmQzfB4.jpg&quot; alt=&quot;Island Guy&quot; title=&quot;Island Guy&quot; /&gt; &lt;/a&gt; &lt;/td&gt;&lt;td&gt; &amp;#32; submitted by &amp;#32; &lt;a href=&quot;https://www.reddit.com/user/Eye_Juice&quot;&gt; /u/Eye_Juice &lt;/a&gt; &lt;br/&gt; &lt;span&gt;&lt;a href=&quot;https://i.redd.it/k9geprdzk1f61.jpg&quot;&gt;[link]&lt;/a&gt;&lt;/span&gt; &amp;#32; &lt;span&gt;&lt;a href=&quot;https://www.reddit.com/r/funny/comments/lasqpz/island_guy/&quot;&gt;[comments]&lt;/a&gt;&lt;/span&gt; &lt;/td&gt;&lt;/tr&gt;&lt;/table&gt;</content><id>t3_lasqpz</id><media:thumbnail url="https://a.thumbs.redditmedia.com/ndyZhx0eV7WM1FuttwVYiA7i-ffrnm6xk8g3WmQzfB4.jpg" /><link href="https://www.reddit.com/r/funny/comments/lasqpz/island_guy/" /><updated>2021-02-02T10:32:34+00:00</updated><title>Island Guy</title></entry><entry><author><name>/u/cslavey21</name><uri>https://www.reddit.com/user/cslavey21</uri></author><category term="funny" label="r/funny"/><content type="html">&lt;table&gt; &lt;tr&gt;&lt;td&gt; &lt;a href=&quot;https://www.reddit.com/r/funny/comments/la5034/trying_to_shovel_my_sidewalk_after_a_snowy_ohio/&quot;&gt; &lt;img src=&quot;https://b.thumbs.redditmedia.com/2ie9hInlv8TRulateU-FNdK6XbdOxNcexfFhKUDwxNY.jpg&quot; alt=&quot;Trying to shovel my sidewalk after a snowy Ohio day. The shovel said nope.&quot; title=&quot;Trying to shovel my sidewalk after a snowy Ohio day. The shovel said nope.&quot; /&gt; &lt;/a&gt; &lt;/td&gt;&lt;td&gt; &amp;#32; submitted by &amp;#32; &lt;a href=&quot;https://www.reddit.com/user/cslavey21&quot;&gt; /u/cslavey21 &lt;/a&gt; &lt;br/&gt; &lt;span&gt;&lt;a href=&quot;https://v.redd.it/boxnlk84sve61&quot;&gt;[link]&lt;/a&gt;&lt;/span&gt; &amp;#32; &lt;span&gt;&lt;a href=&quot;https://www.reddit.com/r/funny/comments/la5034/trying_to_shovel_my_sidewalk_after_a_snowy_ohio/&quot;&gt;[comments]&lt;/a&gt;&lt;/span&gt; &lt;/td&gt;&lt;/tr&gt;&lt;/table&gt;</content><id>t3_la5034</id><media:thumbnail url="https://b.thumbs.redditmedia.com/2ie9hInlv8TRulateU-FNdK6XbdOxNcexfFhKUDwxNY.jpg" /><link href="https://www.reddit.com/r/funny/comments/la5034/trying_to_shovel_my_sidewalk_after_a_snowy_ohio/" /><updated>2021-02-01T15:01:56+00:00</updated><title>Trying to shovel my sidewalk after a snowy Ohio day. The shovel said nope.</title></entry></feed>