<?xml version="1.0" encoding="UTF-8"?>
<THEME>
<input_color value="#FFD600"/>
<output_color value="#FFD600"/>
<bg_color value="#ff000000"/>
<device_color value="#FFD600"/>
<battery_color_high value="#FFD600"/>
<battery_color_medium value="#FFD600"/>
<battery_color_low value="#FFD600"/>
<time_color value="#FFD600"/>
<storage_color value="#FFD600"/>
<ram_color value="#FFD600"/>
<network_info_color value="#FFD600"/>
<toolbar_bg value="#00000000"/>
<toolbar_color value="#ffff0000"/>
<enter_color value="#ffffffff"/>
<cursor_color value="#ffffff"/>
<overlay_color value="#00000000"/>
<alias_content_color value="#1DE9B6"/>
<statusbar_color value="#000000"/>
<navigationbar_color value="#000000"/>
<app_installed_color value="#FF7043"/>
<app_uninstalled_color value="#FF7043"/>
<hint_color value="#4CAF50"/>
<mark_color value="#CDDC39"/>
<notes_color value="#FFD600"/>
<notes_locked_color value="#3D5AFE"/>
<link_color value="#0000EE"/>
<restart_message_color value="#ffffffff"/>
<weather_color value="#fff44336"/>
<unlock_counter_color value="#ffff9800"/>
<session_info_color value="#888888"/>
<status_lines_bgrectcolor value="#00000000,#00000000,#00000000,#00000000,#00000000,#00000000,#00000000,#00000000,#00000000"/>
<input_bgrectcolor value="#00000000"/>
<output_bgrectcolor value="#00000000"/>
<toolbar_bgrectcolor value="#00000000"/>
<suggestions_bgrectcolor value="#00000000"/>
<status_lines_bg value="#80000000,#80000000,#80000000,#80000000,#80000000,#80000000,#80000000,#80000000,#80000000"/>
<input_bg value="#80000000"/>
<output_bg value="#00000000"/>
<suggestions_bg value="#00000000"/>
<status_lines_shadow_color value="#00000000,#00000000,#00000000,#00000000,#00000000,#00000000,#00000000,#00000000,#00000000"/>
<input_shadow_color value="#00000000"/>
<output_shadow_color value="#00000000"/>
</THEME>
