<?xml version="1.0" encoding="UTF-8"?>
<BEHAVIOR>
<double_tap_lock value="true"/>
<double_tap_cmd value=""/>
<random_play value="true"/>
<songs_folder value=""/>
<songs_from_mediastore value="true"/>
<tui_notification value="false"/>
<auto_show_keyboard value="false"/>
<auto_scroll value="true"/>
<show_hints value="true"/>
<show_alias_content value="true"/>
<show_launch_history value="true"/>
<clear_after_cmds value="-1"/>
<clear_after_seconds value="-1"/>
<max_lines value="-1"/>
<!--time_format value="EEE, d MMM yyyy HH:mm:ss z"-->
<time_format value="EEE,dd MMM HH:mm:ss"/>
<time_format_separator value="@"/>
<battery_medium value="50"/>
<battery_low value="15"/>
<device_format value="~&gt; $ neofetch%n                    -`                    Welcome to Arch Linux.%n                   .o+`                   %d@Arch %n                  `ooo/                   OS: Android version : ¥ %n                 `+oooo:                  Device :  ✓ € %n                `+oooooo:                 Terminal: T-UI Expert  %n                -+oooooo+:                CPU: ¢%n              `/:-:++oooo+:               Security Patch  ÷ %n             `/++++/+++++++:              User's IQ: 420 %n            `/++++++++++++++:             Kernel : ÷ %n           `/+++ooooooooooooo/` %n          ./ooosssso++osssssso+`          "/>
<ram_format value="         .oossssso-````/ossssss+`          %avgbGB of %totgbGB"/>
<battery_format value="       :osssssss/        osssso+++.        %v% %( /)"/>
<storage_format value="%n        -osssssso.      :ssssssso.         %iavgbGB/%itotgbGB"/>
<network_info_format value="%n      /ossssssss/        +ssssooo/-       %( %wn - %ip4/%[ Mobile Data: %dt/No Internet access])%n    `/ossssso+/:-        -:/+osssso+-%n   `+sso+:-`                 `.-/+oso:%n  `++:.                           `-/+/%n .`                                 `/"/>
<input_format value="%p %i"/>
<output_format value="%o"/>
<session_info_format value="%u in %p"/>
<enable_app_launch value="true"/>
<app_launch_format value=":: Processing data...                                  [-------------------------]100%%n==> Look at time %t %n:: Making hard decisions...                            [-----------------------c0]97%%n(4/5) decisions made%n:: Prepearing for intitialization %n:: Intitialising %l...                           [------------------------C]99%%n(1/1) Openning %l "/>
<alias_param_marker value="%"/>
<alias_param_separator value=","/>
<alias_replace_all_markers value="true"/>
<multiple_cmd_separator value=";"/>
<alias_content_format value="%a --&gt; [%v]"/>
<external_storage_path value=""/>
<home_path value="/storage/emulated/0"/>
<app_installed_format value="new born %l is ready for work!!!"/>
<app_uninstalled_format value="%l goes brrrrrr...."/>
<enable_music value="true"/>
<max_optional_depth value="2"/>
<network_info_update_ms value="3500"/>
<tui_notification_title value="T-tUI"/>
<tui_notification_subtitle value="T-UI is running"/>
<tui_notification_click_cmd value=""/>
<tui_notification_click_showhome value="true"/>
<tui_notification_lastcmds_size value="5"/>
<tui_notification_lastcmds_updown value="true"/>
<tui_notification_priority value="0"/>
<long_click_vibration_duration value="100"/>
<long_click_duration value="700"/>
<click_commands value="true"/>
<long_click_commands value="true"/>
<append_quote_before_file value="false"/>
<optional_values_separator value="/"/>
<notes_sorting value="0"/>
<notes_allow_link value="true"/>
<orientation value="2"/>
<htmlextractor_default_format value="%t -&gt; %v%n%a(%an = %av)(%n)"/>
<htmlextractor_notfound_message value="Not found"/>
<tui_notification_time_color value="#03A9F4"/>
<tui_notification_input_color value="#ff00ff00"/>
<weather_key value="4ce888b71663b2d842a0a8c891392d49"/>
<weather_temperature_measure value="metric"/>
<weather_location value=""/>
<weather_format value=" %name • #[Thunderstorm/ ][Drizzle/ ][Rain/ ][Snow/ﰕ ][Mist/ ][Smoke/ ][Haze/ ][Dust/ ][Fog/ ][Sand/ ][Ash/ ][Squall/ ][Tornado/ ][Clear/ ][Clouds/ ]%main %description •  %temp°C • 龍 %speed$(*3.6) km/h •  %visibility$(/1000) km •  %humidity%"/>
<clear_on_lock value="false"/>
<unlock_counter_format value="Unlocked %c times (%a10/)%n%t(Unlock n. %i --&gt; %w)3"/>
<unlock_time_divider value="%n"/>
<unlock_time_order value="1"/>
<unlock_counter_cycle_start value="6.00"/>
<not_available_text value="n/a"/>
<back_button_enabled value="true"/>
<weather_update_time value="1800"/>
<location_update_mintime value="20"/>
<location_update_mindistance value="500"/>
<show_weather_updates value="false"/>
</BEHAVIOR>
