<?xml version="1.0" encoding="UTF-8"?>
<NOTIFICATIONS>
<show_notifications value="true"/>
<app_notification_enabled_default value="false"/>
<default_notification_color value="#ffffff"/>
<!--notification_format value="%[#E4F34A]title %n%[#ffffff]text"-->

<notification_format value=" %app :: %n %[50][#E4F34A]title : %[100][white]text"/>
<click_notification value="true"/>
<long_click_notification value="true"/>
<notification_popup_exclude_app value="true"/>
<notification_popup_exclude_notification value="true"/>
<notification_popup_reply value="true"/>

<!-- ENABLED -->

<!--com.iMe.android enabled="true" color="#FF0088cc" format="1"/--><!--#009182-->
<org.telegram.messenger enabled="true" color="#FF0088cc" format="1"/>
<!--com.viber.voip enabled="true" color="#8f5db7" format="2"/-->
<com.whatsapp enabled="true" color="#FF50fa7b" format="12"/>
<com.twitter.android enabled="true" color="#FF01C9FC" format="3"/>
<com.instagram.android enabled="true" color="#FFFC01C9" format="4"/>

<com.google.android.contacts enabled="true" color="#FF8be9fd" format="5"/>
<com.google.android.dialer enabled="true" color="#FF8be9fd" format="5"/>
 <!-- Phone  -->

<com.google.android.apps.messaging enabled="true" color="#ffffb86c" format="6"/>
<com.google.android.gm enabled="true" color="#fff0ff4a" format="7"/>
<com.spotify.music enabled="true" color="#FF50fa7b" format="8"/>
<com.google.android.youtube enabled="true" color="#FFaa5555" format="9"/>
<com.snapchat.android. enabled="true" color="#FFbd93f9" format="10"/>

<!-- formats for notification apps -->

<format id="1" value="%n╭─░▒▓▓▓  ▓▓  ▓▓ %app▓▓▓▒░----  --- - -- -  - -  -   -%n╰─tg-get-msg %[#FFFFFFFF]title | egrep 'text|time' %n text :: %[#FFFFFFFF]text %n time :: %t"/>
 <!-- Telegram -->

<format id="2" value="%n╭─░▒▓▓▓  ▓▓  ▓▓ %app▓▓▓▒░----  --- - -- -  - -  -   -%n╰─vb-get-msg %[#FFFFFFFF]title | egrep 'text|time' %n text :: %[#FFFFFFFF]text %n time :: %t"/>
 <!-- Viber -->

<format id="3" value="%n╭─░▒▓▓▓  ▓▓  ▓▓ %app▓▓▓▒░----  --- - -- -  - -  -   -%n╰─vb-get-msg %[#FFFFFFFF]title | egrep 'text|time' %n text :: %[#FFFFFFFF]text %n time :: %t"/>
 <!-- Twitter -->

<format id="4" value="%n╭─░▒▓▓▓  ▓▓  ▓▓ %app▓▓▓▒░----  --- - -- -  - -  -   -%n╰─vb-get-msg %[#FFFFFFFF]title | egrep 'text|time' %n text :: %[#FFFFFFFF]text %n time :: %t"/>
 <!-- Instagram -->

<format id="5" value="%n╭─░▒▓▓▓  ▓▓  ▓▓ %app▓▓▓▒░----  --- - -- -  - -  -   -%n╰─tel-get-msg %[#FFFFFFFF]title | egrep 'text|time' %n text :: %[#FFFFFFFF]text %n time :: %t"/>
 <!-- Phone  -->

<format id="6" value="%n╭─░▒▓▓▓  ▓▓  ▓▓ %app▓▓▓▒░----  --- - -- -  - -  -   -%n╰─sms-get-msg %[#FFFFFFFF]title | egrep 'text|time' %n text :: %[#FFFFFFFF]text %n time :: %t"/>
 <!-- SMS  -->

<format id="7" value="%n╭─░▒▓▓▓  ▓▓  ▓▓ %app▓▓▓▒░----  --- - -- -  - -  -   -%n╰─gml-get-msg %[#FFFFFFFF]title | egrep 'text|time' %n text :: %[#FFFFFFFF]text %n time :: %t"/>
<!-- Gmail  -->

<format id="8" value="%n╭─░▒▓▓▓  ▓▓  ▓▓ %app▓▓▓▒░----  --- - -- -  - -  -   -%n╰─vb-get-msg %[#FFFFFFFF]title | egrep 'text|time' %n text :: %[#FFFFFFFF]text %n time :: %t"/>
 <!-- Spotify  -->

<format id="9" value="%n╭─░▒▓▓▓  ▓▓  ▓▓ %app▓▓▓▒░----  --- - -- -  - -  -   -%n╰─vb-get-msg %[#FFFFFFFF]title | egrep 'text|time' %n text :: %[#FFFFFFFF]text %n time :: %t"/>
 <!-- Youtube  -->

<format id="10" value="%n╭─░▒▓▓▓  ▓▓  ▓▓ %app▓▓▓▒░----  --- - -- -  - -  -   -%n╰─vb-get-msg %[#FFFFFFFF]title | egrep 'text|time' %n text :: %[#FFFFFFFF]text %n time :: %t"/>
 <!-- Snapchat  -->

<format id="11" value="%n╭─░▒▓▓▓  ▓▓  ▓▓ %app▓▓▓▒░----  --- - -- -  - -  -   -%n╰─term-get-msg %[#FFFFFFFF]title | egrep 'text|time' %n text :: %[#FFFFFFFF]text %n time :: %t"/>
 <!-- Termux  -->

<!-- DISABLED -->

<filter id="-1" value="null %nnull"/>

</NOTIFICATIONS>
