<?xml version="1.0" encoding="UTF-8"?>
<THEME>
<custom_command_color value="#80bd93f9"/>
<input_color value="#1793d1"/>
<output_color value="#ffffff"/>
<bg_color value="#ff282a36"/>

<device_color value="#1793d1"/>

<battery_color_high value="#aaeaff"/>
<battery_color_medium value="#1793d1"/>
<battery_color_low value="#ef4060"/>
<time_color value="#a3ffea"/>
<storage_color value="#1793d1"/>
<ram_color value="#1793d1"/>
<network_info_color value="#aaeaff"/>
<toolbar_bg value="#00000000"/>

<!--toolbar_color value="#8be9fd"-->
<toolbar_color value="#444444"/>
<!--   #6272a4  comment color-->
<!--   #44475a  selection color-->
<enter_color value="#444444"/>

<cursor_color value="#ffffff"/>
<overlay_color value="#77333333"/>

<alias_content_color value="#1793d1"/>
<!--alias_content_color value="#50fa7b"-->

<statusbar_color value="#77333333"/>
<navigationbar_color value="#77333333"/>
<app_installed_color value="#50fa7b"/>
<app_uninstalled_color value="#ff5555"/>
<hint_color value="#4CAF50"/>
<mark_color value="#8be9fd"/>
<notes_color value="#ff9922"/>
<notes_locked_color value="#3D5AFE"/>
<link_color value="#8be9fd"/>
<restart_message_color value="#ffffffff"/>
<weather_color value="#1793d1"/>
<unlock_counter_color value="#ffff9800"/>
<session_info_color value="#1793d1"/>
<status_lines_bgrectcolor value="#00000000,#00000000,#00000000,#00000000,#00000000,#00000000,#00000000,#00000000,#00000000"/>
<input_bgrectcolor value="#00000000"/>
<output_bgrectcolor value="#00000000"/>
<toolbar_bgrectcolor value="#00000000"/>
<suggestions_bgrectcolor value="#00000000"/>
<status_lines_bg value="#00000000,#00000000,#00000000,#00000000,#00000000,#00000000,#00000000,#00000000,#00000000"/>
<input_bg value="#00000000"/>
<output_bg value="#00000000"/>
<suggestions_bg value="#00000000"/>
<status_lines_shadow_color value="#00000000,#00000000,#00000000,#00000000,#00000000,#00000000,#00000000,#00000000,#00000000"/>
<input_shadow_color value="#00000000"/>
<output_shadow_color value="#00000000"/>
</THEME>
