<?xml version="1.0" encoding="UTF-8"?>
<BEHAVIOR>
<double_tap_lock value="true"/>
<double_tap_cmd value=""/>
<random_play value="true"/>
<songs_folder value=""/>
<songs_from_mediastore value="true"/>
<tui_notification value="false"/>
<auto_show_keyboard value="false"/>
<auto_scroll value="true"/>
<show_hints value="true"/>
<show_alias_content value="false"/>
<show_launch_history value="true"/>
<clear_after_cmds value="-1"/>
<clear_after_seconds value="-1"/>
<max_lines value="-1"/>
<!--time_format value="EEE, d MMM yyyy HH:mm:ss z"-->
<time_format value="%n         /########** **########\             EEE,dd MMM HH:mm"/>
<time_format_separator value="@"/>
<battery_medium value="50"/>
<battery_low value="15"/>
<device_format value="~> $ neofetch%n                   /#\                      Welcome to Arch Linux.%n                  /###\                     Aryan@Arch %n                 /#####\                    OS: Android 12.1 %n                /#######\                   Host: Xiaomi PocoF1 %n               _ *=######\                  Terminal: T-UI Expert  %n              /##=,_\#####\                 CPU: Snapdragon 845%n             /#############\                GPU: Adreno 630%n            /###############\               Resolution: 1080x2246%n           /#################\              Network: Jio%n          /###################\               "/>
<ram_format value="        /#######/       \#######\            %avgbGB of %totgbGB"/>
<battery_format value="      /#########          ######m=,_         %v% %( /)"/>
<storage_format value="%n       /########         ########\           %iavgbGB/%itotgbGB"/>
<network_info_format value="%n     /##########         ##########\        %( %wn - %ip4/%[ Mobile Data: %dt/No Internet access])%n    /######***             ***######\%n   /###**                       **###\%n  /**                              **\\"/>
<input_format value="%p %i"/>
<output_format value="╚══⌦%o"/>
<session_info_format value="%u in %p"/>
<enable_app_launch value="true"/>
<app_launch_format value=" %n     ║%n     ╚════⌬ initialising  ██████████████]99%%n          ║%n          ╚════════════launching %l..."/>
<alias_param_marker value="%"/>
<alias_param_separator value=","/>
<alias_replace_all_markers value="true"/>
<multiple_cmd_separator value=";"/>
<alias_content_format value="%a --> [%v]"/>
<external_storage_path value=""/>
<home_path value="/storage/emulated/0"/>
<app_installed_format value="%l was installed"/>
<app_uninstalled_format value="%l was uninstalled"/>
<enable_music value="true"/>
<max_optional_depth value="2"/>
<network_info_update_ms value="3500"/>
<tui_notification_title value="T-tUI"/>
<tui_notification_subtitle value="T-UI is running"/>
<tui_notification_click_cmd value=""/>
<tui_notification_click_showhome value="true"/>
<tui_notification_lastcmds_size value="5"/>
<tui_notification_lastcmds_updown value="true"/>
<tui_notification_priority value="0"/>
<long_click_vibration_duration value="100"/>
<long_click_duration value="700"/>
<click_commands value="true"/>
<long_click_commands value="true"/>
<append_quote_before_file value="false"/>
<optional_values_separator value="/"/>
<notes_sorting value="0"/>
<notes_allow_link value="true"/>
<orientation value="2"/>
<htmlextractor_default_format value="%t -> %v%n%a(%an = %av)(%n)"/>
<htmlextractor_notfound_message value="Not found"/>
<tui_notification_time_color value="#03A9F4"/>
<tui_notification_input_color value="#ff00ff00"/>
<weather_key value="1f798f99228596c20ccfda51b9771a86"/>
<weather_temperature_measure value="metric"/>
<weather_location value=""/>
<weather_format value="%main #[Clear/&#55356;&#57118;][Clouds/☁️][Scattered clouds/☁️][Broken clouds/☁️][Shower rain/&#55356;&#57127;️][Rain/&#55356;&#57127;️][Thunderstorm/&#55356;&#57129;️][Snow/&#55356;&#57128;️][Mist/&#55356;&#57131;️]%main, &#55356;&#57121;%temp°C (%temp_max°/%temp_min°), &#55357;&#56488; %speed$(*3.6) km/h"/>
<clear_on_lock value="false"/>
<unlock_counter_format value="Unlocked %c times (%a10/)%n%t(Unlock n. %i --> %w)3"/>
<unlock_time_divider value="%n"/>
<unlock_time_order value="1"/>
<unlock_counter_cycle_start value="6.00"/>
<not_available_text value="n/a"/>
<back_button_enabled value="true"/>
<weather_update_time value="1800"/>
<location_update_mintime value="20"/>
<location_update_mindistance value="500"/>
<show_weather_updates value="true"/>
</BEHAVIOR>
