<?xml version="1.0" encoding="UTF-8"?>
<THEME>
<custom_command_color value="#80bd93f9"/>
<input_color value="#ffff22"/>
<output_color value="#66ff33"/>
<bg_color value="#ff282a36"/>

<device_color value="#ffff00"/>

<battery_color_high value="#ffffff"/>
<battery_color_medium value="#ffffff"/>
<battery_color_low value="#ffffff"/>
<time_color value="#ff8822"/>
<storage_color value="#ff8822"/>
<ram_color value="#ff8822"/>
<network_info_color value="#ffffff"/>
<toolbar_bg value="#00000000"/>

<!--toolbar_color value="#8be9fd"-->
<toolbar_color value="#6272a4"/>
<!--   #6272a4  comment color-->
<!--   #44475a  selection color-->

<enter_color value="#bd93f9"/>
<cursor_color value="#ffffff"/>
<overlay_color value="#00000000"/>

<alias_content_color value="#ffff22"/>
<!--alias_content_color value="#50fa7b"-->

<statusbar_color value="#884477"/>
<navigationbar_color value="#ff000000"/>
<app_installed_color value="#50fa7b"/>
<app_uninstalled_color value="#ff5555"/>
<hint_color value="#4CAF50"/>
<mark_color value="#8be9fd"/>
<notes_color value="#ff9922"/>
<notes_locked_color value="#3D5AFE"/>
<link_color value="#8be9fd"/>
<restart_message_color value="#ffffffff"/>
<weather_color value="#ff79c6"/>
<unlock_counter_color value="#ffff9800"/>
<session_info_color value="#ffff22"/>
<status_lines_bgrectcolor value="#00000000,#00000000,#00000000,#00000000,#00000000,#00000000,#00000000,#00000000,#00000000"/>
<input_bgrectcolor value="#00000000"/>
<output_bgrectcolor value="#00000000"/>
<toolbar_bgrectcolor value="#00000000"/>
<suggestions_bgrectcolor value="#00000000"/>
<status_lines_bg value="#00000000,#00000000,#00000000,#00000000,#00000000,#00000000,#00000000,#00000000,#00000000"/>
<input_bg value="#00000000"/>
<output_bg value="#00000000"/>
<suggestions_bg value="#00000000"/>
<status_lines_shadow_color value="#00000000,#00000000,#00000000,#00000000,#00000000,#00000000,#00000000,#00000000,#00000000"/>
<input_shadow_color value="#00000000"/>
<output_shadow_color value="#00000000"/>
</THEME>
