<?xml version="1.0" encoding="UTF-8"?>
<BEHAVIOR>

<double_tap_lock value="true"/>
<double_tap_cmd value=""/>

<random_play value="true"/>
<songs_folder value=""/>
<songs_from_mediastore value="false"/>

<tui_notification value="false"/>

<auto_show_keyboard value="false"/>
<auto_scroll value="true"/>
<show_hints value="false"/>
<show_alias_content value="false"/>
<show_launch_history value="true"/>

<clear_after_cmds value="-1"/>
<clear_after_seconds value="-1"/>
<max_lines value="-1"/>

<time_format_separator value="@"/>
<battery_medium value="50"/>
<battery_low value="20"/>

<device_format value="%n| - 亡尸凵           :   "/>
<time_format value="☆ ━━━━━━━    EEE d, MMM HH:mm   ━━━━━━━━ ☆@HH:mm"/>
<ram_format value="| - 尺丹冊           :   %av%%  av. %avgb GB "/>
<battery_format value="| - 日丹卞卞ヨ尺と.    :   %v% %(charging/ in use)"/>
<storage_format value="| - 己卞回尺丹呂ヨ.    :   %iav%%  av. %iavgb GB%n| - 丂ᗪ 匚卂尺ᗪ      :   %eav%%  av. %eavgb GB"/>
<network_info_format value="| - 几ヨ卞山回尺片.    :   %(WiFI - %wn/%[Mobile Data - %dt/No Internet access])%n| - 工.尸.            :   %ip4  "/>
	
<input_format value="%n%p %i"/>
<output_format value="%o"/>
<session_info_format value="%u @ %p"/>
<!--session_info_format value="%u in %p"-->

<enable_app_launch value="false"/>
<app_launch_format value=" running %l (%p)..."/>

<alias_param_marker value="%"/>
<alias_param_separator value=","/>
<alias_replace_all_markers value="true"/>
<multiple_cmd_separator value=";"/>
<alias_content_format value="%a --&gt; [%v]"/>

<external_storage_path value="/storage/9016-4EF8"/>
<home_path value="/storage/emulated/0"/>

<app_installed_format value="%n[] %l (%p) was installed"/>
<app_uninstalled_format value="%n[] %l (%p) was uninstalled"/>

<enable_music value="true"/>

<max_optional_depth value="2"/>

<network_info_update_ms value="3500"/>

<tui_notification_title value="T-UI"/>
<tui_notification_subtitle value="T-UI is running"/>
<tui_notification_click_cmd value=""/>
<tui_notification_click_showhome value="true"/>
<tui_notification_lastcmds_size value="5"/>
<tui_notification_lastcmds_updown value="true"/>
<tui_notification_priority value="0"/>

<long_click_vibration_duration value="100"/>
<long_click_duration value="700"/>
<click_commands value="true"/>
<long_click_commands value="true"/>
<!--  -->

<append_quote_before_file value="false"/>
<!--  -->
<optional_values_separator value="/"/>
<!--  -->

<notes_sorting value="0"/>
<!-- 0 = time up->
down; 1 = time down->
up; 2 = alphabetical up->
down; 3 = alphabetical down->
up; 4 = locked before; 5 = unlocked before -->
<notes_allow_link value="true"/>
<!-- If false, adding links to notes will be disallowed (may slightly increase performance) -->

<orientation value="2"/>
<!-- 0 = landscape, 1 = portrait, 2 = auto-rotate -->

<htmlextractor_default_format value="%t -&gt; %v%n%a(%an = %av)(%n)"/>
<!-- The default format used by htmlextract -use -->
<htmlextractor_notfound_message value="Not found"/>
<!-- The message printed when there are no result inside your htmlextract query  -->

<tui_notification_time_color value="#03A9F4"/>
<!-- The time color inside the t-ui notification -->
<tui_notification_input_color value="#ff00ff00"/>
<!-- The input color inside the t-ui notification -->


<!-- #### WEATHER ####  -->

<weather_key value="1f798f99228596c20ccfda51b9771a86"/>
<!-- The key of your account on OpenWeatherMap. You can keep the default one, or create your custom key (check the wiki) -->
<weather_temperature_measure value="metric"/>
<!-- metric = Celsius; imperial = Fahrenheit; standard = Kelvin -->
<weather_location value=""/>
<!-- The ID of your country (check the wiki) or your coords separated by a comma (lat,lon) -->

<!--weather_format value="#[Clear/&#55356;&#57118;][Clouds/☁️][Scattered clouds/☁️][Broken clouds/☁️][Shower rain/&#55356;&#57127;️][Rain/&#55356;&#57127;️][Thunderstorm/&#55356;&#57129;️][Snow/&#55356;&#57128;️][Mist/&#55356;&#57131;️]%main %temp°C"-->

<weather_format value="%main #[Clear/&#55356;&#57118;][Clouds/☁️][Scattered clouds/☁️][Broken clouds/☁️][Shower rain/&#55356;&#57127;️][Rain/&#55356;&#57127;️][Thunderstorm/&#55356;&#57129;️][Snow/&#55356;&#57128;️][Mist/&#55356;&#57131;️]%main, &#55356;&#57121;%temp°C (&#55357;&#56634;%temp_max°), &#55357;&#56488; %speed$(*3.6) km/h, &#55357;&#56487;%humidity%"/>

<weather_update_time value="1800"/>
<!-- The weather update time in seconds. This can only be used if you're using a custom weather key -->
<location_update_mintime value="20"/>
<!-- The amount of time between two location updates (in minutes, must be an integer value) -->
<location_update_mindistance value="500"/>
<!-- The minimum distance (in meters) to get a location update -->
<show_weather_updates value="false"/>
<!-- If false, t-ui won't show information about the weather in the output field -->

<clear_on_lock value="true"/>
<!-- If true, t-ui will clear the screen when you lock the phone -->

<!-- #### unlock counter ####  -->
<unlock_counter_format value="Unlocked %c times (%a10/)%n%t(Unlock n. %i --&gt; %w)3"/>
<!-- The format used to show the unlock counter -->
<unlock_time_divider value="%n"/>
<!-- The divider between the last unlock times -->
<unlock_time_order value="1"/>
<!-- 1 = up-down. 2 = down-up -->
<unlock_counter_cycle_start value="6.00"/>
<!-- The starting hour of the unlock counter cycle (hh.mm) -->
<not_available_text value="n/a"/>
<!-- The text shown when a value is not available -->
<back_button_enabled value="true"/>
<!-- If true, the back button will put the previous command inside the input area -->

</BEHAVIOR>
