<?xml version="1.0" encoding="UTF-8"?>
<EXPERT>

<show_help value="true"/>
<!--Show HELP command on suggestions bar-->

<show_call value="true"/>
<!--Show CALL command on suggestions bar-->

<show_exit value="true"/>
<!--Enable/disable EXIT command-->

<exit_password value=""/>
<!-- EXIT command asks for a password if specified -->

<use_root value="true"/>
<!--[true/false]: always use root if possible -->

<numbering_notes value="true"/>
<!--[true/false]: notes are numbered automatically -->

<custom_command_timeout value="600"/>
<!--timeout: 60 (refresh every 60s) -->

<custom_command_size value="12"/>
<show_custom_command value="false"/>
<custom_command_index value="9"/>

<custom_command value="curl -s wttr.in/?0T"/>

<termux_timeout value="300"/>

</EXPERT>
