<?xml version="1.0" encoding="UTF-8"?>
<NOTIFICATIONS>
<show_notifications value="true"/>
<app_notification_enabled_default value="false"/>
<default_notification_color value="#ffffff"/>
<!--notification_format value="%[#E4F34A]title %n%[#ffffff]text"-->

<notification_format value="%n %app :: %t1 %n ﬌  %[50][#E4F34A]title : %[100][#FFc0caf5]text"/>
<click_notification value="true"/>
<long_click_notification value="true"/>
<notification_popup_exclude_app value="true"/>
<notification_popup_exclude_notification value="true"/>
<notification_popup_reply value="true"/>

<!-- ENABLED -->

<org.telegram.messenger enabled="true" color="#FF7aa2f7" format="1"/>
<com.whatsapp enabled="true" color="#FF9ece6a" format="2"/>
<com.twitter.android enabled="true" color="#FF7dcfff" format="3"/>
<com.instagram.android enabled="true" color="#FFbb9af7" format="4"/>

<!--com.android.contacts enabled="true" color="#FF8be9fd" format="5"-->
<!--com.android.dialer enabled="true" color="#FF8be9fd" format="5"-->
<com.android.phone enabled="true" color="#FFff9e64" format="5"/>
 <!-- Phone  -->

<com.android.mms enabled="true" color="#FFff9e64" format="6"/>
<com.google.android.gm enabled="true" color="#FFf7768e" format="7"/>
<com.spotify.music enabled="true" color="#FF9ece6a" format="8"/>
<com.google.android.youtube enabled="true" color="#FFf7768e" format="9"/>
<tv.twitch.android.app enabled="true" color="#FFbb9af7" format="10"/>


<!-- formats for notification apps -->

<format id="1" value="%n %app :: %t1 %n ﬌  %[#FFFFFFFF]title :: %[100][#FFc0caf5]text"/>
 <!-- Telegram -->

<format id="2" value="%n %app :: %t1 %n ﬌  %[#FFFFFFFF]title :: %[100][#FFc0caf5]text"/>
 <!-- WhatsApp -->

<format id="3" value="%n %app :: %t1 %n ﬌  %[#FFFFFFFF]title :: %[100][#FFc0caf5]text"/>
 <!-- Twitter -->

<format id="4" value="%n %app :: %t1 %n ﬌  %[#FFFFFFFF]title :: %[100][#FFc0caf5]text"/>
 <!-- Instagram -->

<format id="5" value="%n %app :: %t1 %n ﬌  %[#FFFFFFFF]title : %[100][#FFc0caf5]text"/>
 <!-- Phone  -->

<format id="6" value="%n %app :: %t1 %n ﬌  %[#FFFFFFFF]title : %[100][#FFc0caf5]text"/>
 <!-- SMS  -->

<format id="7" value="%n %app :: %t1 %n ﬌  %[#FFFFFFFF]title : %[100][#FFc0caf5]text"/>
<!-- Gmail  -->

<format id="8" value="%n %app :: %t1 %n ﬌  %[#FFFFFFFF]title : %[100][#FFc0caf5]text"/>
 <!-- Spotify  -->

<format id="9" value="%n %app :: %t1 %n ﬌  %[#FFFFFFFF]title : %[100][#FFc0caf5]text"/>
 <!-- Youtube  -->

<format id="10" value="%n %app :: %t1 %n ﬌  %[#FFFFFFFF]title : %[100][#FFc0caf5]text"/>
 <!-- Twitch  -->

<format id="11" value="%n %app :: %t1 %n ﬌  %[#FFFFFFFF]title : %[#FFc0caf5]text"/>
 <!-- Termux  -->

<!-- DISABLED -->
		
	
	<!--╰───────────────────────────────────────────────────╯-->

<filter id="-1" value="null :: null"/>

</NOTIFICATIONS>
