<?xml version="1.0" encoding="UTF-8"?>
<THEME>

<custom_command_color value="#e0af68"/>

<input_color value="#7aa2f7"/>
<output_color value="#ffc0caf5"/>
<bg_color value="#ff24283b"/>
<!--bg_color value="#0000000"-->

<battery_color_high value="#7aa2f7"/>
<battery_color_medium value="#e0af68"/>
<battery_color_low value="#f7768e"/>

<device_color value="#73daca"/>
<time_color value="#7dcfff"/>
<storage_color value="#9ece6a"/>
<ram_color value="#f7768e"/>
<network_info_color value="#bb9af7"/>
<weather_color value="#e0af68"/>

<toolbar_bg value="#00000000"/>
<toolbar_color value="#c0caf5"/>

<enter_color value="#bd93f9"/>
<cursor_color value="#414868"/>
<overlay_color value="#22000000"/>

<alias_content_color value="#73daca"/>

<statusbar_color value="#20000000"/>
<!--Android (top) statusbar color -->
<navigationbar_color value="#20000000"/>
<!--Android (bottom) navigation bar color -->

<app_installed_color value="#9ece6a"/>
<app_uninstalled_color value="#f7768e"/>
<hint_color value="#9ece6a"/>
<mark_color value="#b4f9f8"/>
<notes_color value="#6272a4"/>
<notes_locked_color value="#7dcfff"/>
<link_color value="#8be9fd"/>
<restart_message_color value="#ffffffff"/>

<unlock_counter_color value="#ffff9800"/>
<session_info_color value="#bb9af7"/>
<status_lines_bgrectcolor value="#00000000,#00000000,#00000000,#00000000,#00000000,#00000000,#00000000,#00000000,#00000000"/>
<input_bgrectcolor value="#00000000"/>
<output_bgrectcolor value="#00000000"/>
<toolbar_bgrectcolor value="#00000000"/>

<suggestions_bg value="#24283b"/>
<suggestions_bgrectcolor value="#ff9e64"/>

<status_lines_bg value="#00000000,#00000000,#00000000,#00000000,#00000000,#00000000,#00000000,#00000000,#00000000"/>
<input_bg value="#00000000"/>
<output_bg value="#00000000"/>

<status_lines_shadow_color value="#90000000,#90000000,#90000000,#90000000,#90000000,#90000000,#90000000,#00000000,#00000000"/>
<input_shadow_color value="#AA000000"/>
<output_shadow_color value="#DD000000"/>
</THEME>
