<?xml version="1.0" encoding="UTF-8"?>
<UI>
<show_enter_button value="true"/>
<system_font value="false"/>

<ram_size value="13"/>
<battery_size value="13"/>
<device_size value="13"/>
<time_size value="35"/>
<storage_size value="13"/>
<network_size value="13"/>
<notes_size value="13"/>
<weather_size value="13"/>
<unlock_size value="13"/>

<input_output_size value="14"/>
<input_bottom value="true"/>

<show_ram value="true"/>
<show_device_name value="true"/>
<show_battery value="true"/>
<show_network_info value="true"/>
<show_storage_info value="true"/>
<show_notes value="true"/>
<show_time value="true"/>
<show_weather value="true"/>
<show_unlock_counter value="false"/>


<show_restart_message value="false"/>
<show_scroll_notes_message value="true"/>
<show_session_info value="true"/>


<network_index value="1.0"/>
<battery_index value="1.1"/>
<time_index value="2"/>
<device_index value="3"/>
<storage_index value="4"/>
<ram_index value="5"/>
<weather_index value="6"/>

<notes_index value="8"/>
<unlock_index value="8"/>


<system_wallpaper value="true"/>

<enable_battery_status value="true"/>
 
<fullscreen value="false"/>
 
<input_prefix value=""/>
<input_root_prefix value="#"/>
 

 
<notes_divider value="%n"/>
<notes_footer value="%(%n - --- ----- --- -/)"/>
<notes_header value="%( ---- Notes : %c ----%n/No notes)"/>
<notes_max_lines value="10"/>


<show_app_installed value="true"/>
<show_app_uninstalled value="true"/>

<ignore_bar_color value="false"/>

<statusbar_light_icons value="true"/>
<bgrect_params value="2,0"/>
<shadow_params value="2,2,0.2"/>
<text_redraw_times value="1"/>


<status_lines_alignment value="-1,0,0,0,0,0,0,0,0"/>
<!--<0 = left, =0 = center, >0 = right -->


<display_margin_mm value="0,0,0,0"/>


<!--[External horizontal margin],[E. vertical margin],[Internal horizontal margin],[I. vertical margin]-->
<status_lines_margins value="3,3,0,0"/>
<output_field_margins value="3,3,0,0"/>
<input_field_margins value="3,3,0,0"/>
<input_area_margins value="3,3,0,0"/>
<toolbar_margins value="3,3,0,0"/>
<suggestions_area_margin value="3,3,0,0"/>

<username value="Ema"/>
<device_name value="Xiaomi MI 11 Lite "/>


</UI>
