<?xml version="1.0" encoding="UTF-8"?>
<BEHAVIOR>
<double_tap_lock value="false"/>
<double_tap_cmd value=""/>
<random_play value="true"/>
<songs_folder value=""/>
<songs_from_mediastore value="true"/>
<tui_notification value="false"/>
<auto_show_keyboard value="false"/>
<auto_scroll value="true"/>
<show_hints value="false"/>
<show_alias_content value="false"/>
<show_launch_history value="true"/>
<clear_after_cmds value="-1"/>
<clear_after_seconds value="-1"/>
<max_lines value="-1"/>
<time_format value=" E dd MMM yyyy z [HH:mm:ss]%n"/>
<time_format_separator value="@"/>
<battery_medium value="50"/>
<battery_low value="15"/>
<device_format value="%d"/>
<ram_format value=" Available Ram: %avgbGB of %totgbGB%n"/>
<battery_format value=" Battery Status: %v% %(Charging/)%n"/>
<storage_format value=" Internal Storage: %iavgbGB/%itotgbGB%n%n"/>
<network_info_format value=" WiFi: %(%wn/Not Connected)%n Mobile Data: %[Vodafone UK: %dt/Not Connected]%n Bluetooth: %b2, %{Connected/Disconnected}%n IPv4: %ip4%n IPv6: %ip6"/>
<input_format value="%n%p %i"/>
<output_format value="%o"/>
<session_info_format value="Tap here to type..."/>
<enable_app_launch value="true"/>
<app_launch_format value="Launching &gt; %l"/>
<alias_param_marker value="%"/>
<alias_param_separator value=","/>
<alias_replace_all_markers value="true"/>
<multiple_cmd_separator value=";"/>
<alias_content_format value="%a --&gt; [%v]"/>
<external_storage_path value=""/>
<home_path value="/storage/emulated/0"/>
<app_installed_format value="App installed: %p"/>
<app_uninstalled_format value="App uninstalled: %p"/>
<enable_music value="false"/>
<max_optional_depth value="2"/>
<network_info_update_ms value="3500"/>
<tui_notification_title value="T-UI"/>
<tui_notification_subtitle value="T-UI is running"/>
<tui_notification_click_cmd value=""/>
<tui_notification_click_showhome value="true"/>
<tui_notification_lastcmds_size value="5"/>
<tui_notification_lastcmds_updown value="true"/>
<tui_notification_priority value="0"/>
<long_click_vibration_duration value="100"/>
<long_click_duration value="700"/>
<click_commands value="false"/>
<long_click_commands value="true"/>
<append_quote_before_file value="false"/>
<optional_values_separator value="/"/>
<notes_sorting value="0"/>
<notes_allow_link value="true"/>
<orientation value="2"/>
<htmlextractor_default_format value="%t -&gt; %v%n%a(%an = %av)(%n)"/>
<htmlextractor_notfound_message value="Not found"/>
<tui_notification_time_color value="#03A9F4"/>
<tui_notification_input_color value="#ff00ff00"/>
<weather_key value="1f798f99228596c20ccfda51b9771a86"/>
<weather_temperature_measure value="metric"/>
<weather_location value="null"/>
<weather_format value=" Weather: %main, Temp: %temp"/>
<clear_on_lock value="false"/>
<unlock_counter_format value="Unlocked %c times (%a10/)%n%t(Unlock n. %i --&gt; %w)3"/>
<unlock_time_divider value="%n"/>
<unlock_time_order value="1"/>
<unlock_counter_cycle_start value="6.00"/>
<not_available_text value="n/a"/>
<back_button_enabled value="true"/>
<weather_update_time value="3600"/>
<location_update_mintime value="20"/>
<location_update_mindistance value="500"/>
<show_weather_updates value="true"/>
</BEHAVIOR>
