<?xml version="1.0" encoding="UTF-8"?>
<NOTIFICATIONS>
<show_notifications value="true"/>
<app_notification_enabled_default value="true"/>
<default_notification_color value="#F87431"/>
<notification_format value="%n%pkg: %[100][aqua]title --- %text"/>
<click_notification value="true"/>
<long_click_notification value="false"/>
<notification_popup_exclude_app value="true"/>
<notification_popup_exclude_notification value="true"/>
<notification_popup_reply value="true"/>
<android enabled="false"/>
<com.termux enabled="false"/>
<hu.tagsoft.ttorrent.noads enabled="false"/>
</NOTIFICATIONS>
