<?xml version="1.0" encoding="UTF-8"?>
<SUGGESTIONS>
<show_suggestions value="true"/>
<transparent_suggestions value="false"/>
<default_text_color value="#DCDCDC"/>
<default_bg_color value="#00000000"/>
<apps_text_color value="#DCDCDC"/>
<apps_bg_color value="#00000000"/>
<alias_text_color value="#F87431"/>
<alias_bg_color value="#00000000"/>
<cmd_text_color value="#DCDCDC"/>
<cmd_bg_color value="#00000000"/>
<song_text_color value="#DCDCDC"/>
<song_bg_color value="#00000000"/>
<contact_text_color value="#DCDCDC"/>
<contact_bg_color value="#00000000"/>
<file_text_color value="#DCDCDC"/>
<file_bg_color value="#00000000"/>
<suggest_alias_default value="true"/>
<suggest_appgp_default value="true"/>
<click_to_launch value="true"/>
<suggestions_size value="12"/>
<double_space_click_first_suggestion value="true"/>
<noinput_suggestions_order value="1(24)0(5)2(2)3(5)"/>
<suggestions_order value="2(2)0(5)1(5)3(3)"/>
<noinput_min_command_priority value="5"/>
<suggestions_per_category value="5"/>
<suggestions_deadline value="0.45"/>
<suggestions_algorithm value="13"/>
<suggestions_quickcompare_n value="3"/>
<hide_suggestions_when_empty value="always"/>
<suggestions_spaces value="15,15,25,20"/>
</SUGGESTIONS>
