<?xml version="1.0" encoding="UTF-8"?>
<THEME>
<custom_command_color value="#ff00ff00"/>
<input_color value="aqua"/>
<output_color value="#DCDCDC"/>
<bg_color value="#ff000000"/>
<device_color value="aqua"/>
<battery_color_high value="aqua"/>
<battery_color_medium value="#FFEB3B"/>
<battery_color_low value="#FF5722"/>
<time_color value="aqua"/>
<storage_color value="aqua"/>
<ram_color value="aqua"/>
<network_info_color value="#F87431"/>
<toolbar_bg value="#91000000"/>
<toolbar_color value="aqua"/>
<enter_color value="aqua"/>
<cursor_color value="#ffffff"/>
<overlay_color value="#20000000"/>
<alias_content_color value="aqua"/>
<statusbar_color value="#444444"/>
<navigationbar_color value="aqua"/>
<app_installed_color value="#FF5722"/>
<app_uninstalled_color value="#FF5722"/>
<hint_color value="#4CAF50"/>
<mark_color value="#CDDC39"/>
<notes_color value="#8BC34A"/>
<notes_locked_color value="#3D5AFE"/>
<link_color value="#0000EE"/>
<restart_message_color value="#ffffffff"/>
<weather_color value="#DCDCDC"/>
<unlock_counter_color value="#ffff9800"/>
<session_info_color value="#F88017"/>
<status_lines_bgrectcolor value="aqua"/>
<input_bgrectcolor value="aqua"/>
<output_bgrectcolor value="aqua"/>
<toolbar_bgrectcolor value="aqua"/>
<suggestions_bgrectcolor value="aqua"/>
<status_lines_bg value="#91000000"/>
<input_bg value="#90000000"/>
<output_bg value="#91000000"/>
<suggestions_bg value="#91000000"/>
<status_lines_shadow_color value="#00000000,#00000000,#00000000,#00000000,#00000000,#00000000,#00000000,#00000000,#00000000"/>
<input_shadow_color value="#00000000"/>
<output_shadow_color value="#00000000"/>
</THEME>
