<?xml version="1.0" encoding="UTF-8"?>
<BEHAVIOR>
<double_tap_lock value="true"/>
<double_tap_cmd value=""/>
<random_play value="true"/>
<songs_folder value=""/>
<songs_from_mediastore value="true"/>
<tui_notification value="false"/>
<auto_show_keyboard value="false"/>
<auto_scroll value="true"/>
<show_hints value="true"/>
<show_alias_content value="false"/>
<show_launch_history value="true"/>
<clear_after_cmds value="-1"/>
<clear_after_seconds value="-1"/>
<max_lines value="-1"/>
<time_format_separator value="@"/>
<battery_medium value="50"/>
<battery_low value="15"/>
<device_format value="%d%u"/>
<battery_format value="&#55356;&#57100;⌥▩ &#55357;&#56587;&#55349;&#56893;&#55349;&#56918;&#55349;&#56937;&#55349;&#56937;&#55349;&#56922;&#55349;&#56935;&#55349;&#56942;⦂ [%v%] %(&#55349;&#56894;&#55349;&#56925;&#55349;&#56918;&#55349;&#56935;&#55349;&#56924;&#55349;&#56926;&#55349;&#56931;&#55349;&#56924; /)"/>
<time_format value="%n&#55356;&#57100;⌥▩ ⏰&#55349;&#56911;&#55349;&#56926;&#55349;&#56930;&#55349;&#56922;⦂ [HH:mm:ss]%n&#55356;&#57100;⌥▩ &#55357;&#56787;️&#55349;&#56895;&#55349;&#56918;&#55349;&#56937;&#55349;&#56922;⦂ [dd/mm/yyyy/EEEE]"/>
<ram_format value="%n&#55356;&#57100;⌥▩ &#55356;&#57104;&#55349;&#56905;&#55349;&#56922;&#55349;&#56937;&#55349;&#56940;&#55349;&#56932;&#55349;&#56935;&#55349;&#56928;⦂ [Telkampret]%n&#55356;&#57100;⌥▩ &#55356;&#57104;&#55349;&#56900;&#55349;&#56907;&#55349;&#56939;&#55349;&#57328;⦂ [100.109.203.94]%n&#55356;&#57100;⌥▩ &#55356;&#57104;&#55349;&#56900;&#55349;&#56907;&#55349;&#56939;&#55349;&#57330;⦂ [FE80::F06C:49FF:FE9B:2F70]%n&#55356;&#57100;⌥▩ &#55357;&#56510;&#55349;&#56909;&#55349;&#56892;&#55349;&#56904;⦂ &#55349;&#56911;&#55349;&#56932;&#55349;&#56937;&#55349;&#56918;&#55349;&#56929; [%totmbMB] &#55349;&#56912;&#55349;&#56936;&#55349;&#56922;&#55349;&#56921; [%avmbMB] &#55349;&#56897;&#55349;&#56935;&#55349;&#56922;&#55349;&#56922; [%av%%]"/>
<storage_format value="%n&#55356;&#57100;⌥▩ &#55357;&#56771;️&#55349;&#56909;&#55349;&#56906;&#55349;&#56904;⦂ &#55349;&#56911;&#55349;&#56932;&#55349;&#56937;&#55349;&#56918;&#55349;&#56929; [%itotmbMB] &#55349;&#56912;&#55349;&#56936;&#55349;&#56922;&#55349;&#56921; [%iavmbMB] &#55349;&#56897;&#55349;&#56935;&#55349;&#56922;&#55349;&#56922; [%iav%%]"/>
<network_info_format value="%n====bro===="/>
<input_format value=" >_ [%i]"/>
<output_format value="👉👉%o"/>
<session_info_format value="false"/>
<enable_app_launch value="true"/>
<app_launch_format value="%a%n   ⌥▩ The program runs safely   %n%n    ⌥▩¯╲___ Enter the next command ..."/>
<alias_param_marker value="%"/>
<alias_param_separator value=","/>
<alias_replace_all_markers value="true"/>
<multiple_cmd_separator value=";"/>
<alias_content_format value="%a --&gt; [%v]"/>
<external_storage_path value=""/>
<home_path value="/storage/emulated/0"/>
<app_installed_format value="App installed: %p"/>
<app_uninstalled_format value="App uninstalled: %p"/>
<enable_music value="false"/>
<max_optional_depth value="2"/>
<network_info_update_ms value="3500"/>
<tui_notification_title value="T-UI"/>
<tui_notification_subtitle value="T-UI is running"/>
<tui_notification_click_cmd value=""/>
<tui_notification_click_showhome value="true"/>
<tui_notification_lastcmds_size value="5"/>
<tui_notification_lastcmds_updown value="true"/>
<tui_notification_priority value="0"/>
<long_click_vibration_duration value="100"/>
<long_click_duration value="700"/>
<click_commands value="true"/>
<long_click_commands value="true"/>
<append_quote_before_file value="false"/>
<optional_values_separator value="/"/>
<notes_sorting value="0"/>
<notes_allow_link value="true"/>
<orientation value="2"/>
<htmlextractor_default_format value="%t -&gt; %v%n%a(%an = %av)(%n)"/>
<htmlextractor_notfound_message value="Not found"/>
<tui_notification_time_color value="#03A9F4"/>
<tui_notification_input_color value="#ff00ff00"/>
<weather_key value="1f798f99228596c20ccfda51b9771a86"/>
<weather_temperature_measure value="metric"/>
<weather_location value="null"/>
<weather_format value="Weather: %main, Temp: %temp"/>
<clear_on_lock value="false"/>
<unlock_counter_format value="Unlocked %c times (%a10/)%n%t(Unlock n. %i --&gt; %w)3"/>
<unlock_time_divider value="%n"/>
<unlock_time_order value="1"/>
<unlock_counter_cycle_start value="6.00"/>
<not_available_text value="n/a"/>
<back_button_enabled value="true"/>
<weather_update_time value="3600"/>
<location_update_mintime value="20"/>
<location_update_mindistance value="500"/>
<show_weather_updates value="true"/>
</BEHAVIOR>
