<?xml version="1.0" encoding="UTF-8"?>
<SUGGESTIONS>
<show_suggestions value="true"/>
<transparent_suggestions value="false"/>
<default_text_color value="#000000"/>
<default_bg_color value="#FFD600"/>
<apps_text_color value="black"/>
<apps_bg_color value="#FFD600"/>
<alias_text_color value=""/>
<alias_bg_color value="#FFD600"/>
<cmd_text_color value="black"/>
<cmd_bg_color value="#FFD600"/>
<song_text_color value="black"/>
<song_bg_color value="#FFD600"/>
<contact_text_color value="black"/>
<contact_bg_color value="#FFD600"/>
<file_text_color value=""/>
<file_bg_color value="#03A9F4"/>
<suggest_alias_default value="true"/>
<suggest_appgp_default value="true"/>
<click_to_launch value="true"/>
<suggestions_size value="12"/>
<double_space_click_first_suggestion value="true"/>
<noinput_suggestions_order value="0(0)1(50)2(0)3(0)"/>
<suggestions_order value="2(2)0(5)1(5)3(3)"/>
<noinput_min_command_priority value="5"/>
<suggestions_per_category value="5"/>
<suggestions_deadline value="0.45"/>
<suggestions_algorithm value="15"/>
<suggestions_quickcompare_n value="3"/>
<hide_suggestions_when_empty value="always"/>
<suggestions_spaces value="5,30,15,10"/>
<enabled value="true"/>
</SUGGESTIONS>
