<?xml version="1.0" encoding="UTF-8"?>
<NOTIFICATIONS>
<show_notifications value="true"/>
<app_notification_enabled_default value="false"/>
<default_notification_color value="#dcd7d0"/>
<notification_format value="  Incoming transmission via neural link%n[%t1] Begin of transmission%n%app%n%n%[#8a804c]title : %[#8cb402]text%n%n[%t1] End of transmission%n"/>
<click_notification value="true"/>
<long_click_notification value="true"/>
<notification_popup_exclude_app value="true"/>
<notification_popup_exclude_notification value="true"/>
<notification_popup_reply value="true"/>

<!-- Enable/Disable apps -->

<org.telegram.messenger enabled="true" format="1"/>
<com.android.messaging enabled="true" format="2"/>
<com.android.dialer enabled="true" format="3"/>
<com.google.android.gm enabled="true" format="4"/>
<org.schabi.newpipe enabled="true" format="5"/>
<org.videolan.vlc enabled="true" format="6"/>
<com.poupa.vinylmusicplayer enabled="true" format="7"/>
<ru.zdevs.zarchiver enabled="false" format="8"/>
<org.fdroid.fdroid enabled="false" format="9"/>
<com.aurora.store enabled="false" format="10"/>
<com.android.deskclock enabled="true" format="11"/>
<com.termux enabled="true" format="12"/>

<!-- Formats -->

<!-- telegram -->
<format id="1" value="  Incoming transmission via neural link%n[%t1] Begin of transmission%n %app%n%n%[#8a804c]title : %[#8cb402]text%n%n[%t1] End of transmission%n"/>

<!-- messaging -->
<format id="2" value="  Incoming transmission via neural link%n[%t1] Begin of transmission%n %app%n%n%[#8a804c]title : %[#8cb402]text%n%n[%t1] End of transmission%n"/>

<!-- phone -->
<format id="3" value="  Incoming transmission via neural link%n[%t1] Begin of transmission%n %app%n%n%[#8a804c]title : %[#8cb402]text%n%n[%t1] End of transmission%n"/>

<!-- gmail -->
<format id="4" value="  Incoming transmission via neural link%n[%t1] Begin of transmission%n %app%n%n%[#8a804c]title : %[#8cb402]text%n%n[%t1] End of transmission%n"/>

<!-- newpipe -->
<format id="5" value="  Incoming transmission via neural link%n[%t1] Begin of transmission%n %app%n%n%[#8a804c]title : %[#8cb402]text%n%n[%t1] End of transmission%n"/>

<!-- vlc -->
<format id="6" value="  Incoming transmission via neural link%n[%t1] Begin of transmission%n嗢 %app%n%n%[#8a804c]title : %[#8cb402]text%n%n[%t1] End of transmission%n"/>

<!-- vinyl music player -->
<format id="7" value="  Incoming transmission via neural link%n[%t1] Begin of transmission%n %app%n%n%[#8a804c]title : %[#8cb402]text%n%n[%t1] End of transmission%n"/>

<!-- zarchiver -->
<format id="8" value="  Incoming transmission via neural link%n[%t1] Begin of transmission%n %app%n%n%[#8a804c]title : %[#8cb402]text%n%n[%t1] End of transmission%n"/>

<!-- f-droid -->
<format id="9" value="  Incoming transmission via neural link%n[%t1] Begin of transmission%n %app%n%n%[#8a804c]title : %[#8cb402]text%n%n[%t1] End of transmission%n"/>

<!-- aurora store -->
<format id="10" value="  Incoming transmission via neural link%n[%t1] Begin of transmission%n %app%n%n%[#8a804c]title : %[#8cb402]text%n%n[%t1] End of transmission%n"/>

<!-- deskclock -->
<format id="11" value="  Incoming transmission via neural link%n[%t1] Begin of transmission%n %app%n%n%[#8a804c]title : %[#8cb402]text%n%n[%t1] End of transmission%n"/>

<!-- termux -->
<format id="12" value="  Incoming transmission via neural link%n[%t1] Begin of transmission%n %app%n%n%[#8a804c]title : %[#8cb402]text%n%n[%t1] End of transmission%n"/>

<!-- For other fucking social media apps -->

<com.twitter.android enabled="true" format="13"/>
<com.whatsapp enabled="true" format="14"/>
<com.instagram.android enabled="true" format="15"/>
<com.facebook.orca enabled="true" format="16"/>
<com.google.android.youtube enabled="true" format="17"/>
<com.vanced.android.youtube enabled="true" format="18"/>

<!-- Formats -->
<!-- twitter -->
<format id="13" value="  Incoming transmission via neural link%n[%t1] Begin of transmission%n %app%n%n%[#8a804c]title : %[#8cb402]text%n%n[%t1] End of transmission%n"/>

<!-- whatsapp -->
<format id="14" value="  Incoming transmission via neural link%n[%t1] Begin of transmission%n %app%n%n%[#8a804c]title : %[#8cb402]text%n%n[%t1] End of transmission%n"/>

<!-- instagram -->
<format id="15" value="  Incoming transmission via neural link%n[%t1] Begin of transmission%n %app%n%n%[#8a804c]title : %[#8cb402]text%n%n[%t1] End of transmission%n"/>

<!-- messenger -->
<format id="16" value="  Incoming transmission via neural link%n[%t1] Begin of transmission%n %app%n%n%[#8a804c]title : %[#8cb402]text%n%n[%t1] End of transmission%n"/>

<!-- youtube -->
<format id="17" value="  Incoming transmission via neural link%n[%t1] Begin of transmission%n %app%n%n%[#8a804c]title : %[#8cb402]text%n%n[%t1] End of transmission%n"/>

<!-- youtube vanced -->
<format id="18" value="  Incoming transmission via neural link%n[%t1] Begin of transmission%n輸 %app%n%n%[#8a804c]title : %[#8cb402]text%n%n[%t1] End of transmission%n"/>

<filter id="1" value="null"/>
<filter id="2" value="Unknown"/>
</NOTIFICATIONS>
