<?xml version="1.0" encoding="UTF-8"?>
<APPS>
<!-- ### default-suggested apps ### -->
<default_app_n1 value="com.android.contacts"/>
<default_app_n2 value="com.android.vending"/>
<default_app_n3 value="null"/>
<default_app_n4 value="null"/>
<default_app_n5 value="null"/>

<app_groups_sorting value="4"/>
<!-- 0 = time up->
down; 1 = time down->
up; 2 = alphabetical up->
down; 3 = alphabetical down->
up; 4 = most used up->
down; 5 = most used down->
up -->

<TOOLS apps="com.miui.compass-com.miui.compass.CompassActivity;com.xiaomi.scanner-com.xiaomi.scanner.app.ScanActivity;com.miui.screenrecorder-com.miui.screenrecorder.activity.ScreenRecorderHomeActivity;com.android.deskclock-com.android.deskclock.DeskClockTabActivity;com.android.soundrecorder-com.android.soundrecorder.SoundRecorder;com.android.calendar-com.android.calendar.homepage.AllInOneActivity;com.miui.calculator-com.miui.calculator.cal.CalculatorActivity;com.loomatix.colorgrab-com.loomatix.colorgrab.SplashActivity;com.sharpregion.tapet-com.sharpregion.tapet.main.home.HomeActivity" foreColor="#9aa5ce"/>
<SOCIAL apps="com.twitter.android-com.twitter.android.StartActivity;tv.twitch.android.app-tv.twitch.android.app.core.LandingActivity;com.instagram.android-com.instagram.android.activity.MainTabActivity" foreColor="#b4f9f8"/>
<MIUI apps="com.android.thememanager-com.android.thememanager.ThemeResourceTabActivity;com.miui.securitycenter-com.miui.securityscan.MainActivity;com.duokan.phone.remotecontroller-com.xiaomi.mitv.phone.remotecontroller.HoriWidgetMainActivityV2;com.miui.miservice-com.miui.miservice.main.MainActivity;com.treydev.micontrolcenter-com.treydev.shades.activities.SplashActivity;com.xiaomiui.downloader-com.xiaomiui.downloader.MainActivity;com.miui.huanji-com.miui.huanji.MainActivity;com.ios7jbpro.miuilib-com.ios7jbpro.miuilib.MainActivity;com.mi.global.bbs-com.mi.global.bbs.ui.SplashActivity" foreColor="#e0af68"/>
<GAMES apps=""/>
<ROOT apps="" foreColor="#f7768e"/>

<MEDIA apps="com.google.android.youtube-com.google.android.youtube.app.honeycomb.Shell$HomeActivity;free.tube.premium.advanced.tuber-com.biomes.vanced.main.MainActivity;free.rm.skytube.extra-free.rm.skytube.gui.activities.MainActivity;us.zoom.videomeetings-com.zipow.videobox.LauncherActivity;com.radiosonline.radiofmitalia-com.allaboutradio.coreradio.ui.home.HomeActivity;com.google.android.GoogleCamera.Urnyx-com.android.camera.CameraLauncher;com.android.camera-com.android.camera.Camera;com.netflix.mediaclient-com.netflix.mediaclient.ui.launch.UIWebViewActivity" foreColor="#bb9af7"/>
<GOOGLE apps="com.google.android.apps.docs-com.google.android.apps.docs.app.NewMainProxyActivity;com.google.android.apps.docs.editors.sheets-com.google.android.apps.docs.app.NewMainProxyActivity;com.google.android.googlequicksearchbox-com.google.android.googlequicksearchbox.SearchActivity;com.google.android.play.games-com.google.android.gms.games.ui.destination.main.MainActivity;com.android.vending-com.android.vending.AssetBrowserActivity;com.google.android.apps.walletnfcrel-com.google.commerce.tapandpay.android.cardlist.CardListActivity;com.google.android.apps.translate-com.google.android.apps.translate.TranslateActivity" foreColor="#7aa2f7"/>
</APPS>
