<?xml version="1.0" encoding="UTF-8"?>
<RSS>
<rss_default_color value="#FF7aa2f7"/>
<rss_default_format value="%n%[80][#9ece6a]title ## %[150][#FFc0caf5]description"/>
 <!--(%pubDate)-->
<include_rss_default value="true"/>
<rss_hidden_tags value="img"/>

<rss_time_format value="%t1"/>
<!--ss_time_format value="EEE, dd MMM yyyy HH:mm:ss ZZZ"-->

<show_rss_download value="false"/>
<rss_download_format value="RSS: %id --- Downloaded %sb bytes"/>
<rss_download_message_color value="aqua"/>
<click_rss value="true"/>

</RSS>
