<?xml version="1.0" encoding="UTF-8"?>
<EXPERT>
<show_help value="true"/>
<show_call value="true"/>
<show_exit value="true"/>
<exit_password value="1985"/>
<use_root value="true"/>
<numbering_notes value="true"/>
<custom_command_timeout value="120"/>
<custom_command_size value="12"/>
<show_custom_command value="true"/>
<custom_command_index value="5"/>
<termux_timeout value="300"/>

<custom_command value="su -c sh /storage/emulated/0/t-ui/script/sysinfo -o -i"/>
<!-- custom_command value="curl -s wttr.in/Florence?\%?0T"-->
<!--custom_command value="su -c sh /storage/emulated/0/t-ui/sealyj-status || echo Failed to load sealyj-status, is su module working? Try switching to root with the command: su"-->
	
</EXPERT>
