<?xml version="1.0" encoding="UTF-8"?>
<NOTIFICATIONS>
<show_notifications value="true"/>
<app_notification_enabled_default value="false"/>
<default_notification_color value="#ffffff"/>

<notification_format value=" %app :: %t %n %[50][#E4F34A]title : %[100][white]text"/>
<click_notification value="true"/>
<long_click_notification value="true"/>
<notification_popup_exclude_app value="true"/>
<notification_popup_exclude_notification value="true"/>
<notification_popup_reply value="true"/>

<!-- ENABLED -->

<org.telegram.messenger enabled="true" color="CDAA7D" format="1"/>
<com.whatsapp enabled="true" color="#CDBE70" format="2"/>
<com.twitter.android enabled="true" color="#FF01C9FC" format="3"/>
<com.instagram.android enabled="true" color="#FFFC01C9" format="4"/>

<com.android.contacts enabled="true" color="#FF8be9fd" format="5"/>
<com.android.dialer enabled="true" color="#FF8be9fd" format="5"/>
 <!-- Phone  -->

<com.android.mms enabled="true" color="#ffffb86c" format="6"/>
<com.google.android.gm enabled="true" color="#fff0ff4a" format="7"/>
<com.spotify.music enabled="true" color="#FF50fa7b" format="8"/>
<com.google.android.youtube enabled="true" color="#FFff5555" format="9"/>
<tv.twitch.android.app enabled="true" color="#FFbd93f9" format="10"/>


<!-- formats for notification apps -->

<format id="1" value="%n %app:%t %n          𝄖𝄗𝄘𝄙➽ %[#FFFFFFFF]title: %[#CDB38B]text"/>
 <!-- Telegram -->

<format id="2" value="%n %app:%t %n           𝄖𝄗𝄘𝄙➽ %[#FFFFFFFF]title: %[#CDC9A5]text"/>
 <!-- WhatsApp -->

<format id="7" value="%n %app : %t %n           𝄖𝄗𝄘𝄙➽ %[#FFFFFFFF]title: %[#63B8FF]text"/>
<!-- Gmail  -->

<format id="11" value="%n %app : %t %n          𝄖𝄗𝄘𝄙➽ %[#FFFFFFFF]title: %[#63B8FF]text"/>
 <!-- Termux  -->

<!-- DISABLED -->

<filter id="-1" value="null %nnull"/>

</NOTIFICATIONS>
