<?xml version="1.0" encoding="UTF-8"?>
<THEME>
<input_color value="#C5C1AA"/>
<output_color value="#EEC900"/>
<bg_color value="#000000"/>
<device_color value="#ffc125"/>
<battery_color_high value="#7CFC00"/>
<battery_color_medium value="#FFFF00"/>
<battery_color_low value="#FF5722"/>
<time_color value="#CDAA7D"/>
<storage_color value="#FFC125"/>
<ram_color value="#FFC125"/>
<network_info_color value="#CAE1FF"/>
<toolbar_bg value="#00000000"/>
<toolbar_color value="#ffff0000"/>
<enter_color value="#ffffffff"/>
<cursor_color value="#87CEEB"/>
<overlay_color value="#80000000"/>
<alias_content_color value="#1DE9B6"/>
<statusbar_color value="#000000"/>
<navigationbar_color value="#000000"/>
<app_installed_color value="#00FA9A"/>
<app_uninstalled_color value="#EE0000"/>
<hint_color value="#0000FF"/>
<mark_color value="#CDDC39"/>
<notes_color value="#FFFACD"/>
<notes_locked_color value="#3D5AFE"/>
<link_color value="#0000EE"/>
<restart_message_color value="#ffffffff"/>
<shell_cmd_color value="#ffffffff"/>
<weather_color value="#00FFFF"/>
<unlock_counter_color value="#ffff9800"/>
<session_info_color value="#888888"/>
<status_lines_bgrectcolor value="#CDAF95"/>
<input_bgrectcolor value="#CD0000"/>
<output_bgrectcolor value="#00000000"/>
<toolbar_bgrectcolor value="#00000000"/>
<suggestions_bgrectcolor value="#00000000"/>
<status_lines_bg value="#00000000"/>
<input_bg value="#00000000"/>
<output_bg value="#00000000"/>
<suggestions_bg value="#00000000"/>
<status_lines_shadow_color value="#00000000,#00000000,#00000000,#00000000,#00000000,#00000000,#00000000,#00000000,#00000000"/>
<input_shadow_color value="#00000000"/>
<output_shadow_color value="#00000000"/>
<custom_command_color value="#FF83FA"/>
</THEME>
