<?xml version="1.0" encoding="UTF-8"?>
<UI>
<show_enter_button value="false"/>
<system_font value="false"/>
<ram_size value="12"/>
<battery_size value="20"/>
<device_size value="13"/>
<time_size value="24"/>
<storage_size value="12"/>
<network_size value="13"/>
<notes_size value="10"/>
<input_output_size value="15"/>
<input_bottom value="true"/>
<show_ram value="true"/>
<show_device_name value="true"/>
<show_battery value="true"/>
<show_network_info value="true"/>
<show_storage_info value="true"/>
<show_notes value="true"/>
<enable_battery_status value="true"/>
<show_time value="true"/>
<username value="  &#55349;&#56653;.ℝ&#55349;&#56632;&#55349;&#56644;༻                               "/>
<system_wallpaper value="true"/>
<fullscreen value="true"/>
<device_index value="1"/>
<ram_index value="1.1"/>
<battery_index value="1"/>
<time_index value="1"/>
<storage_index value="1.1"/>
<network_index value="1"/>
<weather_index value="2"/>
<notes_index value="3"/>
<custom_command_index value="7"/>
<input_prefix value=""/>
<input_root_prefix value="#"/>
<ignore_bar_color value="false"/>
<show_app_installed value="true"/>
<show_app_uninstalled value="true"/>
<show_session_info value="true"/>
<notes_header value="%(➽ℕ&#55349;&#56646;&#55349;&#56651;&#55349;&#56636;&#55349;&#56650;:%c%n/ℕ𝕠 ℕ𝕠𝕥𝕖𝕤)"/>
<notes_footer value="%n══════════════════════════════════════════════════════════════════"/>
<notes_divider value="%n"/>
<show_restart_message value="true"/>
<notes_max_lines value="5"/>
<show_scroll_notes_message value="false"/>
<status_lines_alignment value="-1,-1,-1,-1,-1,-1,-1,-1"/>
<display_margin_mm value="0,0,0,0"/>
<show_weather value="true"/>
<weather_size value="14"/>
<show_unlock_counter value="false"/>
<unlock_index value="8"/>
<unlock_size value="7"/>
<statusbar_light_icons value="true"/>
<bgrect_params value="2,0"/>
<shadow_params value="2,2,0.2"/>
<text_redraw_times value="1"/>
<status_lines_margins value="3,3,0,0"/>
<output_field_margins value="3,3,0,0"/>
<input_field_margins value="3,3,0,0"/>
<input_area_margins value="3,3,0,0"/>
<toolbar_margins value="3,3,0,0"/>
<suggestions_area_margin value="3,3,0,0"/>
<device_name value="༺ℙ&#55349;&#56646;ℂ&#55349;&#56646;_&#55349;&#56637;&#55349;&#57305;  :"/>
</UI>
